id,domain,status,purchase_price,renewal_price,attractiveness,demand,length,registrar,created_at,expires_at,status_verified_at
7d39c4bc-0619-4ac9-b54c-80c749f162cc,irresistible.rsvp,available,12.98,16.98,high,low,12,namecheap,,,29/09/2026 14:37
98912f6a-88cf-4838-8541-3a64ce800970,mannerism.rsvp,available,12.98,16.98,medium,low,9,namecheap,,,17/09/2026 14:14
a9d00216-7b36-4077-b021-7edc9a5c1983,velvety.rsvp,available,12.98,16.98,high,low,7,namecheap,,,13/09/2026 02:00
6e1df42b-0974-4f84-8024-58b4b6a3268d,citizenship.rsvp,available,12.98,16.98,high,low,11,namecheap,,,27/09/2026 06:58
f78c723b-9e3b-40ab-9fe1-7e4b1facbae7,cong.rsvp,premium,,,high,low,4,,,,01/10/2026 07:59
4ed6148d-b224-4f2f-9914-3b04cad38def,scout.rsvp,premium,323.7,323.7,high,medium,5,namecheap,,,25/09/2026 09:06
d59ffe23-fc59-424c-8891-a730888cc7c5,path.rsvp,premium,323.7,323.7,high,low,4,namecheap,,,25/09/2026 07:51
c1422f84-7951-4f83-bfeb-db78c97c69ed,cherbourg.rsvp,available,10.2,10.2,medium,low,9,cloudflare,,,30/09/2026 09:08
366736a6-bdca-4c95-89f1-9a7cf488615e,generosity.rsvp,available,14,,high,low,10,unstoppable,,,29/09/2026 01:04
7169c173-4bc2-4926-b6b6-b2dbe7a18257,gomez.rsvp,premium,37.7,37.7,high,low,5,namecheap,,,25/09/2026 16:06
dc5b1ce7-01bd-47ab-ba29-9bac00a8d764,nearing.rsvp,available,14,,medium,low,7,unstoppable,,,01/10/2026 17:44
19526ec3-41cb-408a-8b3f-414c045c9ac9,bonzer.rsvp,available,12.98,16.98,medium,low,6,namecheap,,,10/08/2026 19:02
e03bdc17-7eac-4fa8-bec9-c8d87c97aae0,pencilled.rsvp,available,12.98,16.98,medium,low,9,namecheap,,,08/09/2026 13:59
b71f5bdb-e1d7-4add-87bc-3e9a8c67eaa5,lol.rsvp,premium,499.2,,high,low,3,unstoppable,,,30/09/2026 21:37
f7dd4d37-e7b1-4d29-8ce2-72685c525087,clustered.rsvp,available,12.98,16.98,high,low,9,namecheap,,,
d7dfccb6-a863-45a7-920c-d192b41b209a,exercises.rsvp,premium,37.7,37.7,medium,low,9,namecheap,,,28/09/2026 17:18
8db9d88f-1853-4329-8879-669dff414f2f,detour.rsvp,premium,30.22,30.22,high,low,6,spaceship,,,29/09/2026 14:19
6cac61f7-191d-47a1-9856-0a4c4a3706be,attacks.rsvp,available,12.98,16.98,medium,low,7,namecheap,,,27/09/2026 02:47
5d41477e-f045-49bb-96ef-13eee14e2db6,metamorphosis.rsvp,available,10.55,10.55,medium,low,13,spaceship,,,02/10/2026 11:50
83712897-63d3-4864-a9db-eb9a098c6c06,rfp.rsvp,premium,59.2,,high,low,3,unstoppable,,,02/10/2026 17:41
b27322bf-bd78-401d-b8a0-775786238110,sumatra.rsvp,available,14,,medium,low,7,unstoppable,,,02/10/2026 16:53
6a533862-e9b3-420b-9273-85a1157692e2,sommer.rsvp,premium,64.93,64.93,high,low,6,porkbun,,,29/09/2026 21:09
10ac3c48-9d38-489f-916e-a013e097bfa7,annalistic.rsvp,available,12.98,16.98,high,low,10,namecheap,,,
1d8fcefb-d118-41b5-8b6a-73fbad2d77d6,bhopal.rsvp,available,14,,medium,low,6,unstoppable,,,30/09/2026 20:45
41d08091-5692-4faa-9849-fed0b406f52c,thing.rsvp,premium,257.92,257.92,high,low,5,spaceship,,,28/09/2026 19:13
2aebc0a6-8bd8-44a6-88bf-2c42802d5933,banker.rsvp,premium,76.7,76.7,high,low,6,namecheap,,,22/09/2026 02:46
cc387691-a28e-40be-ba24-d024db5d1e3a,raptorial.rsvp,available,12.98,16.98,high,medium,9,namecheap,,,09/09/2026 10:23
f5ae58d8-65dd-4fd2-af77-43c43ea38e7b,jaffa.rsvp,available,14,,high,low,5,unstoppable,,,29/09/2026 13:12
68445479-f5fb-48f8-adc1-8d9ae0d52c29,wake.rsvp,premium,167.7,167.7,high,low,4,namecheap,,,22/09/2026 14:42
8e199d52-5887-485d-974b-977f29c4b35e,cashmere.rsvp,available,10.55,10.55,high,low,8,spaceship,,,02/10/2026 23:52
7432a634-8e79-4cac-ac0c-407b311e77cc,schilling.rsvp,available,12.98,16.98,high,low,9,namecheap,,,21/09/2026 04:58
78bdb919-e2b0-4bb5-85fb-88d8c13158de,empyreal.rsvp,available,12.98,16.98,medium,low,8,namecheap,,,16/08/2026 20:53
1358b890-48b7-4dd4-81cf-07372707c333,schoolteacher.rsvp,available,10.2,10.2,medium,low,13,cloudflare,,,02/10/2026 18:19
8504a257-91cd-4409-884c-fa6145cf57b9,attentive.rsvp,available,12.98,16.98,high,low,9,namecheap,,,22/09/2026 11:22
179ebbfb-08a8-4561-bcf9-e1e6ccd13a4e,newsroom.rsvp,available,10.2,10.2,high,low,8,cloudflare,,,02/10/2026 16:12
5f9c85f1-10a5-4cf5-b046-7ce589445848,antilles.rsvp,available,12.98,16.98,medium,low,8,namecheap,,,19/09/2026 14:37
b6428a0e-3487-4cba-af20-9a52021a6b53,plutonian.rsvp,available,12.98,16.98,medium,low,9,namecheap,,,20/08/2026 21:34
1082ba07-9148-4eee-8dbe-8d4150fc64b1,ashtoreth.rsvp,available,12.98,16.98,medium,low,9,namecheap,,,20/09/2026 14:02
5d200223-5092-4857-9542-533004c37f14,dilatory.rsvp,available,12.98,16.98,medium,low,8,namecheap,,,14/08/2026 07:31
48723e07-af02-4ba0-8f72-cd13e976b34b,collegium.rsvp,available,10.55,10.55,high,low,9,spaceship,,,01/10/2026 14:27
3192fa35-1d58-4da2-b72d-d587e35ff060,favor.rsvp,premium,76.7,76.7,high,low,5,namecheap,,,27/09/2026 03:53
124af8a3-afc7-4c60-8fb8-0e8310ee6171,rcmp.rsvp,available,14,,medium,low,4,unstoppable,,,03/10/2026 01:38
641a0995-be97-4bf2-a5ca-db9fa495eca4,respective.rsvp,available,10.2,10.2,medium,low,10,cloudflare,,,30/09/2026 14:27
8b487580-9eff-49f9-ba31-4ac0fe720a3a,roll.rsvp,premium,133.72,133.72,high,low,4,spaceship,,,27/09/2026 15:56
a0406683-5001-49aa-9f3c-16c22a55eb12,pottsville.rsvp,available,10.55,10.55,medium,low,10,spaceship,,,02/10/2026 10:34
0392ecd1-4814-466a-be01-fc4b64309d89,dane.rsvp,premium,30.22,30.22,high,low,4,spaceship,,,29/09/2026 00:37
6afc9872-8fc8-4e68-ad14-8e363b9046b2,rtl.rsvp,premium,,,high,low,3,,,,30/09/2026 19:55
601b23ff-990b-44d7-aa3a-20a860573531,propeller.rsvp,available,14,,high,low,9,unstoppable,,,29/09/2026 01:54
4e7060a9-6b89-41c5-b3c3-2141dbbe1b22,censure.rsvp,available,12.98,16.98,medium,low,7,namecheap,,,19/09/2026 08:29
28c4033b-974c-483c-b016-22790dfe610b,hat.rsvp,premium,323.7,323.7,high,low,3,namecheap,,,19/09/2026 16:21
88816b87-c4f6-4199-95d1-e40b9d073c2a,praetorian.rsvp,available,12.98,16.98,high,medium,10,namecheap,,,09/09/2026 00:58
f65078f2-c74b-4874-8d4c-5b6bf94e7efd,carol.rsvp,premium,76.7,76.7,high,low,5,namecheap,,,24/09/2026 13:02
74f2cd6f-b380-4b95-8ecf-e6292f4841b3,cationic.rsvp,available,12.98,16.98,medium,low,8,namecheap,,,11/08/2026 22:07
ca9883bc-e86f-4b70-8154-ab93b261345b,anthemis.rsvp,available,12.98,16.98,medium,low,8,namecheap,,,19/09/2026 12:57
2fbc2d4b-55c1-4626-840d-c67a624861b6,translates.rsvp,available,14,,medium,low,10,unstoppable,,,30/09/2026 00:23
443e1d3e-4107-4f6d-b657-8b4f07732e6d,agronomy.rsvp,available,12.98,16.98,medium,low,8,namecheap,,,17/09/2026 19:42
633ef782-9f65-4ee2-9fe5-34b94faeb9cc,desire.rsvp,premium,323.7,323.7,high,low,6,namecheap,,,19/09/2026 18:10
99118858-e8c7-4b46-b910-e73c801eda7a,bonefish.rsvp,available,12.98,16.98,high,low,8,namecheap,,,18/09/2026 03:25
56d91987-f5a1-4974-93f6-3c02a8a83552,fitness.rsvp,premium,1034.17,1034.17,high,low,7,spaceship,,,02/10/2026 10:26
0ed313ed-f78b-4ee7-a8a8-218fcecfbf03,producers.rsvp,premium,,,medium,low,9,,,,28/09/2026 23:09
f28f4e97-1dd8-4713-aa3b-ed091811d232,coordinates.rsvp,available,14,10.55,medium,low,11,unstoppable,,,30/09/2026 15:15
3782f166-a32d-4ad8-918e-c1fb94014cb9,fellowship.rsvp,available,12.98,16.98,high,low,10,namecheap,,,28/09/2026 09:26
42a8e8fc-0718-42a7-948a-3d982af863bd,mettlesome.rsvp,available,12.98,16.98,medium,low,10,namecheap,,,24/08/2026 22:10
432ddd3f-18be-4c3e-bd3d-b129fd7e3cb7,susquehanna.rsvp,available,12.98,16.98,medium,low,11,namecheap,,,27/09/2026 01:59
b212a4e3-b2f4-484b-8836-02f18207cf24,flagship.rsvp,available,10.55,10.55,high,low,8,spaceship,,,30/09/2026 17:19
675c0b1c-d3c4-4fda-99be-bac730917dfc,dialog.rsvp,premium,167.7,167.7,high,low,6,namecheap,,,24/09/2026 22:13
1450d90e-f2ec-4f54-9ed1-95adbbd615fb,marco.rsvp,premium,257.92,257.92,high,low,5,spaceship,,,01/10/2026 18:38
913d94b1-fb75-4a81-b415-d8ce4f72440c,condense.rsvp,available,10.55,10.55,high,low,8,spaceship,,,30/09/2026 17:42
6104cade-d0aa-4eab-904c-561f0ff4be74,tina.rsvp,premium,76.7,76.7,high,low,4,namecheap,,,25/09/2026 19:58
a90dbced-efb0-45e9-9827-9fa560682c9c,irreverent.rsvp,available,12.98,16.98,medium,low,10,namecheap,,,20/08/2026 16:04
5ad8d75c-bb32-4754-a767-32dd3e83204c,bestiary.rsvp,available,12.98,16.98,high,low,8,namecheap,,,23/09/2026 10:36
665bf245-cee2-4b88-ade6-030cb4f705bd,knitting.rsvp,premium,64.93,64.93,high,low,8,porkbun,,,29/09/2026 01:31
9f777e9e-a24c-454c-b4f3-808dc8447d20,utilities.rsvp,premium,30.22,30.22,medium,low,9,spaceship,,,30/09/2026 23:34
79bb1485-f4bb-4519-b4ae-174b07a13260,melee.rsvp,available,12.98,16.98,high,low,5,namecheap,,,22/09/2026 16:23
9d7810e9-257f-474c-96e3-9e15d4f9d9c7,abrupt.rsvp,available,12.98,16.98,high,low,6,namecheap,,,
da2e7616-a297-4f9b-861c-c3561acbac7a,roman.rsvp,premium,323.7,323.7,high,low,5,namecheap,,,27/09/2026 02:43
6d1ea986-ea92-4ac1-9b72-48b1f4a4330d,toward.rsvp,available,14,,high,low,6,unstoppable,,,01/10/2026 02:02
ee9d18f1-9cfa-4f24-9437-a4ba3a485dd1,noyes.rsvp,available,12.98,16.98,high,low,5,namecheap,,,18/09/2026 06:42
3280ae44-d334-444f-93c0-479b70026472,disarming.rsvp,available,12.98,16.98,high,low,9,namecheap,,,14/08/2026 09:30
bd4c5578-ad8f-4e5e-af9a-7f9572822981,leering.rsvp,available,14.99,19.99,medium,low,7,name.com,,,25/09/2026 05:58
f60cf34a-7d00-4786-a69f-068a3da7b370,trojan.rsvp,premium,76.7,76.7,high,low,6,namecheap,,,11/09/2026 20:17
93c77284-6ce8-4ccf-9019-268ee8019ef1,averroes.rsvp,available,12.98,16.98,medium,low,8,namecheap,,,16/09/2026 18:56
a65ef119-d441-4ed5-b14b-dfd1f7f38ceb,cathedra.rsvp,available,12.98,16.98,medium,low,8,namecheap,,,23/09/2026 21:50
279259e5-74c7-4dce-98c6-497a5b0708bf,ethic.rsvp,available,14,,high,low,5,unstoppable,,,30/09/2026 17:13
6c1ba557-f2e4-4507-a6fa-8c514089b023,siberia.rsvp,available,10.2,10.2,high,low,7,cloudflare,,,29/09/2026 20:20
0aa1533d-7f73-4280-8564-2f2703dd9ad6,faceted.rsvp,available,12.98,16.98,medium,low,7,namecheap,,,17/08/2026 20:24
e61f63bf-b6fd-4fc7-b6ca-1c4a50597b5e,olivia.rsvp,premium,61.27,61.27,high,low,6,spaceship,,,28/09/2026 07:43
7abafcfd-0c91-4a8d-ada4-a5739b25036d,halcyon.rsvp,available,12.98,16.98,high,low,7,namecheap,,,20/08/2026 22:20
49235857-5948-48b1-9e7c-dc4773786a7e,russ.rsvp,premium,30.22,30.22,high,low,4,spaceship,,,27/09/2026 18:02
096b3cf2-f501-46cc-89cb-ce3f9e077a36,sleazy.rsvp,available,12.98,16.98,medium,low,6,namecheap,,,11/08/2026 09:04
3924d823-5fcc-4bff-a3fd-65775b00988e,omnipotent.rsvp,available,12.98,16.98,high,low,10,namecheap,,,
87164182-627b-4912-8a72-995a1ada0780,hinterland.rsvp,available,12.98,16.98,high,low,10,namecheap,,,21/09/2026 14:33
e911ab16-3ff1-4cf9-971b-47e295d7d71d,rates.rsvp,premium,249.2,,high,low,5,unstoppable,,,28/09/2026 10:47
fc8881ec-81ac-4aed-be22-1e7d53831cb6,commonweal.rsvp,available,14.99,,medium,low,11,name.com,,,
78309bab-620e-473c-9c7d-f6fdf6d60786,executives.rsvp,available,12.98,16.98,high,low,10,namecheap,,,21/09/2026 01:35
d8cbd3b5-4362-4bf1-bd4d-c23c04fd77e2,solicit.rsvp,available,10.2,10.2,high,low,7,cloudflare,,,27/09/2026 16:11
4e32b8aa-a78a-4624-9c31-98a8401b1180,azide.rsvp,available,12.98,16.98,medium,low,5,namecheap,,,21/09/2026 11:12
fc89f6d4-2b13-4d3b-a95d-86157c1ae0f8,agdistis.rsvp,available,12.98,16.98,medium,low,8,namecheap,,,17/09/2026 16:43
1a5bc5ba-7e59-4c06-a883-1b8d0915676a,hilda.rsvp,available,10.2,10.2,medium,low,5,cloudflare,,,27/09/2026 19:38
86ac0081-086c-4726-9975-139ef4f30dd6,choked.rsvp,available,12.98,16.98,medium,low,6,namecheap,,,12/08/2026 06:39
59a32134-df69-4440-8f71-5dc66209939d,tombs.rsvp,available,12.98,16.98,medium,low,5,namecheap,,,30/09/2026 05:23
dea614f0-d2a4-4f5a-a6e6-4714f4aec927,elkins.rsvp,available,10.55,10.55,medium,low,6,spaceship,,,29/09/2026 15:44
b62db6d7-00b6-4a2b-b199-ce6a539095bb,parthian.rsvp,available,12.98,16.98,medium,low,8,namecheap,,,08/09/2026 01:59
336c77d7-9836-4f14-b0af-fdecdeae4bd1,arcsecond.rsvp,available,12.98,16.98,medium,low,9,namecheap,,,20/09/2026 02:41
79b75115-270e-4de0-aac7-d3c8149345ec,enterprising.rsvp,available,10.55,10.55,high,low,12,spaceship,,,30/09/2026 02:31
cd14425d-855c-4d31-9fd9-043c239cffba,sic.rsvp,premium,76.7,76.7,high,low,3,namecheap,,,16/09/2026 01:41
b6b90c78-2bf8-493f-ae66-75d00af1e3bd,clone.rsvp,premium,73.75,73.75,high,low,5,name.com,,,24/09/2026 15:51
73baa778-c12d-4aa1-922e-74eabc36dd33,bauer.rsvp,premium,167.7,167.7,high,low,5,namecheap,,,25/09/2026 13:07
9fb56aef-ce62-4970-94f7-3a15feb7d371,ignition.rsvp,premium,30.22,30.22,high,low,8,spaceship,,,28/09/2026 10:06
c1b87e0f-d5b6-4813-b9e9-079067079efb,mono.rsvp,premium,167.7,167.7,high,medium,4,namecheap,,,25/09/2026 21:33
693b3970-7ff3-4534-822d-8fa8d7417ee5,limo.rsvp,premium,59.2,,high,low,4,unstoppable,,,30/09/2026 03:02
56a28f2b-ef40-4ec9-bdbf-2949cf8d60b6,arugula.rsvp,available,12.98,16.98,high,low,7,namecheap,,,20/09/2026 12:10
4dbf9e0a-fbb9-449a-92be-eec77727e940,charging.rsvp,available,14,,high,low,8,unstoppable,,,28/09/2026 04:40
e4b243b4-3121-4243-ae3d-2ccc04cf3d4b,mown.rsvp,available,12.98,16.98,medium,low,4,namecheap,,,25/08/2026 09:14
a91ff97b-dd3c-4067-9fc2-7cac3376b15f,augsburg.rsvp,available,10.81,10.81,high,low,8,porkbun,,,27/09/2026 20:03
b8d11de1-fa93-4e5f-8f3e-d9f3d4fd9f68,florio.rsvp,available,10.55,10.55,high,low,6,spaceship,,,01/10/2026 19:36
44afb25c-d58f-49b9-90c8-79b2d5d2daa3,strenuous.rsvp,available,12.98,16.98,medium,low,9,namecheap,,,10/09/2026 21:45
f963b038-f48a-4757-a74d-6fc942e333e5,anechoic.rsvp,available,12.98,16.98,medium,low,8,namecheap,,,
adef88c9-318c-43a1-99da-87523f4ab944,slammed.rsvp,available,10.55,10.55,medium,low,7,spaceship,,,30/09/2026 03:50
fdc06b65-eb63-464e-a681-02c5b329aa35,savoy.rsvp,premium,30.22,30.22,high,low,5,spaceship,,,01/10/2026 21:36
f0fa1c3e-f452-4da9-9e59-1ca3d79a663d,tamil.rsvp,premium,648.7,648.7,high,low,5,namecheap,,,11/09/2026 07:48
0dd74d75-6ce8-4fee-80b0-0b8e4e30305f,centralia.rsvp,available,10.2,10.2,medium,low,9,cloudflare,,,02/10/2026 10:19
0e098a8d-0627-46ad-8456-03ee369ad503,carriers.rsvp,available,14,,medium,low,8,unstoppable,,,29/09/2026 05:47
c2e426c8-5b25-49fa-86c0-44dec5ac9f9a,ben.rsvp,premium,623.75,,high,medium,3,name.com,,,29/09/2026 02:04
96e4598e-6c8f-48b4-9c27-2307182d755a,ade.rsvp,premium,76.7,76.7,high,low,3,namecheap,,,17/09/2026 07:12
d36f61f6-53df-4672-b68f-784ad6a0cf59,jolty.rsvp,available,12.98,16.98,medium,low,5,namecheap,,,11/08/2026 09:50
0d3b8c1c-facd-43b9-879c-11114fc11093,horseman.rsvp,available,12.98,16.98,high,low,8,namecheap,,,17/08/2026 11:44
a9740fd1-ca71-42f1-b132-b98d5026eb62,unplanned.rsvp,available,12.98,16.98,medium,low,9,namecheap,,,12/09/2026 16:51
2d8ad646-1cb3-4405-9653-cf6532b377dc,anapest.rsvp,available,12.98,16.98,medium,low,7,namecheap,,,19/09/2026 02:04
ef635fef-7fe8-4d93-a964-c0fc088b0eea,hayward.rsvp,premium,,,high,low,7,,,,01/10/2026 23:04
4cf5c1af-2c8d-40b8-a592-23b5fcbe22ed,lash.rsvp,premium,30.22,30.22,high,low,4,spaceship,,,30/09/2026 17:16
ebabf60c-69d6-4c2f-9ffb-4e3b108f1d07,blinding.rsvp,available,12.98,16.98,medium,low,8,namecheap,,,10/08/2026 13:42
2c1fcbc4-be51-40d5-a432-8ded7df6d074,marne.rsvp,available,14,,medium,low,5,unstoppable,,,29/09/2026 15:38
3cc65f83-b0ff-43bd-9767-c2e2f0e09ab0,graze.rsvp,available,10.55,10.55,high,low,5,spaceship,,,02/10/2026 05:06
ffa45437-487e-4992-b1c3-fe692a2e8e28,endocrine.rsvp,available,12.98,16.98,high,low,9,namecheap,,,17/08/2026 01:00
dd2e0ed9-5dbc-4a02-bc78-625f90d71025,pertly.rsvp,available,12.98,16.98,medium,low,6,namecheap,,,15/09/2026 02:17
830a378d-5cf1-4507-94ed-fe46d98c71eb,alcedo.rsvp,available,12.98,16.98,high,low,6,namecheap,,,18/09/2026 03:52
40aa433b-08d3-4784-ba1e-41665c2b6883,decade.rsvp,premium,36.25,36.25,high,low,6,name.com,,,21/09/2026 10:56
8744c17b-c7bf-4ebb-bccc-0608077c7bef,acrogen.rsvp,available,12.98,16.98,medium,low,7,namecheap,,,17/09/2026 03:44
9ee7f5db-879d-4522-b362-625127f21428,scorching.rsvp,available,12.98,16.98,high,low,9,namecheap,,,09/09/2026 23:31
e69ec605-9040-4edd-ac3b-a8de08cb10b0,albizia.rsvp,available,12.98,16.98,high,low,7,namecheap,,,18/09/2026 03:01
3d111dd8-19b6-4a32-85f2-15939abe4941,unpassable.rsvp,available,12.98,16.98,medium,low,10,namecheap,,,21/08/2026 21:49
02ffe6ff-3e85-4bc4-b5b9-1a4010419ade,jiang.rsvp,premium,37.7,37.7,high,low,5,namecheap,,,27/09/2026 08:14
1a03dd70-614e-42ef-98cc-564df6886f75,asp.rsvp,premium,167.7,167.7,high,low,3,namecheap,,,20/09/2026 14:30
801a415c-6505-485f-b1e9-669223b2bc00,giving.rsvp,premium,161.25,161.25,high,low,6,name.com,,,09/08/2026 20:55
d57ca3c0-215d-4f55-8ccc-17512971e9fe,passive.rsvp,premium,37.7,37.7,high,low,7,namecheap,,,27/09/2026 02:56
4fcca340-fd79-4ff5-8be1-424c2149657b,allegany.rsvp,available,10.55,10.55,medium,low,8,spaceship,,,30/09/2026 22:05
a26d245a-d851-4e7e-a6ae-a7975eac72f7,initiating.rsvp,available,14,,medium,low,10,unstoppable,,,30/09/2026 14:45
77ec2318-d089-40a2-88eb-2b3349f1c58c,boned.rsvp,available,12.98,16.98,medium,low,5,namecheap,,,10/08/2026 18:34
2788f206-0e6e-41da-a8d0-09ea5f689acc,gur.rsvp,premium,76.7,76.7,medium,low,3,namecheap,,,13/09/2026 06:52
163be6fb-b3e8-4c3f-81dc-9ecd3dd9a654,bandung.rsvp,available,12.98,16.98,medium,low,7,namecheap,,,22/09/2026 01:32
3142d902-8671-418f-892c-c85676b6a424,attended.rsvp,available,12.98,16.98,high,low,8,namecheap,,,22/09/2026 11:17
b7552fa1-089c-4c88-a907-42f00cb5ca20,reflection.rsvp,premium,37.7,37.7,high,low,10,namecheap,,,25/09/2026 22:24
a484fde4-11de-4432-90ab-0dc0aeef205e,warships.rsvp,available,14,,medium,low,8,unstoppable,,,01/10/2026 18:32
af3d23e3-1d0f-487f-be0d-d1fc2af75c5b,carping.rsvp,available,12.98,16.98,medium,low,7,namecheap,,,18/08/2026 00:03
beb9506b-e865-4243-8179-1cb3825f946b,lutheran.rsvp,available,12.98,16.98,high,low,8,namecheap,,,24/08/2026 12:23
06a27bc7-09b5-4a4b-8653-74ceae4d0fc5,windswept.rsvp,available,12.98,16.98,medium,low,9,namecheap,,,13/09/2026 12:16
e1325fb1-203a-48e4-a634-6d187a15f97d,putney.rsvp,available,10.2,10.2,medium,low,6,cloudflare,,,30/09/2026 13:43
ef51a95a-df0a-4283-8680-daaca03a4f06,vehicles.rsvp,premium,167.7,167.7,medium,low,8,namecheap,,,16/09/2026 11:23
fb9b1b94-ea44-4157-ba1b-b78e2c55ee74,apiece.rsvp,available,12.98,16.98,medium,low,6,namecheap,,,14/08/2026 22:12
b3efe88e-1792-43ea-bdb6-9e2a31fa6ac3,bookish.rsvp,available,12.98,16.98,high,low,7,namecheap,,,10/08/2026 19:09
a9a81d0a-ec49-40ba-84e3-eacf5beb2c28,discharge.rsvp,available,12.98,16.98,high,low,9,namecheap,,,20/09/2026 01:05
19833d69-7eb6-4a22-8e38-e0990c2df19b,sublunar.rsvp,available,12.98,16.98,medium,low,8,namecheap,,,12/08/2026 08:27
87532a11-ccb2-411b-8152-298fb8e8b9b6,seemly.rsvp,available,12.98,16.98,medium,low,6,namecheap,,,09/08/2026 06:27
9e3a4114-46ec-4e26-977e-99bbbd952df3,warrior.rsvp,premium,167.7,167.7,high,low,7,namecheap,,,27/09/2026 05:52
660eda05-a538-4394-956a-76223fd6b408,neurologic.rsvp,available,12.98,16.98,medium,low,10,namecheap,,,03/09/2026 16:16
468cd3ee-6728-4572-a443-5dbc490922d8,trespassing.rsvp,available,10.81,10.81,high,low,11,porkbun,,,01/10/2026 17:05
59634f7b-440e-47e3-b76e-ae2a9c7baa95,culpable.rsvp,available,12.98,16.98,medium,low,8,namecheap,,,10/08/2026 12:34
961937b7-6754-4e6b-b5af-18df2d66c5fb,wycombe.rsvp,available,10.55,10.55,medium,low,7,spaceship,,,02/10/2026 10:05
49f8599c-4747-457c-bcb5-f6cd43a9a7e7,memorial.rsvp,premium,,,high,low,8,,,,27/09/2026 14:53
7dc47d39-9917-4ffb-8ef6-672f94ff79a2,lax.rsvp,premium,73.75,73.75,medium,low,3,name.com,,,22/08/2026 21:22
163376d0-6899-49ef-97a9-dbe3fc20e50b,reported.rsvp,available,10.2,10.2,high,low,8,cloudflare,,,27/09/2026 11:56
9b01f97c-e9b9-4275-b988-79f79aea3a69,pita.rsvp,premium,30.22,30.22,high,low,4,spaceship,,,30/09/2026 06:47
262fedfd-a9b2-4f94-a494-94ca7c993dd5,baldachin.rsvp,available,12.98,16.98,medium,low,9,namecheap,,,21/09/2026 21:30
bd13c11b-f9ef-4a99-8a9b-4c195b3d3e09,armament.rsvp,available,12.98,16.98,medium,low,8,namecheap,,,20/09/2026 06:31
8a038137-b0ff-4c7c-9831-ae7c2ca5c410,osborn.rsvp,available,12.98,16.98,high,low,6,namecheap,,,27/09/2026 07:58
c660f4f5-35bf-4bc0-897f-d7f476d8e622,immaculate.rsvp,available,12.98,16.98,high,low,10,namecheap,,,18/08/2026 00:07
c3b58bbd-9fb2-4a56-92b0-ce8ba255a904,rode.rsvp,premium,30.22,30.22,medium,low,4,spaceship,,,28/09/2026 11:10
8c79b033-16db-4a10-95aa-316e2ec19652,meal.rsvp,premium,167.7,167.7,high,low,4,namecheap,,,25/09/2026 09:17
bcd3b68a-aaff-4c12-91ab-0c0621bde677,remark.rsvp,premium,29.2,,high,low,6,unstoppable,,,28/09/2026 09:26
4c7fb7ec-ff7f-4474-bf62-1b5b326e96f9,keepers.rsvp,available,19.99,19.99,medium,low,7,godaddy,,,01/10/2026 00:38
4b282254-a523-4338-b43b-51c357e242c0,zeros.rsvp,available,10.2,10.2,high,low,5,cloudflare,,,02/10/2026 12:21
b630805a-17b6-4a30-9bd6-d431a4a50d57,apiarist.rsvp,available,12.98,16.98,medium,low,8,namecheap,,,19/09/2026 17:19
ba8eda99-5794-44a7-a7f8-7d1271b655a4,kramer.rsvp,premium,37.7,37.7,high,low,6,namecheap,,,25/09/2026 11:57
cc3bca3a-aa23-401c-9e24-b3701a8fbeff,delicacy.rsvp,available,14.99,19.99,high,low,8,name.com,,,13/08/2026 15:51
f5f0d17e-e039-4ff6-a03f-4b93bd49b3ea,usefulness.rsvp,available,10.2,10.2,high,low,10,cloudflare,,,30/09/2026 19:05
cc5f2332-a229-412d-9af5-a897aa0232c9,paranormal.rsvp,available,12.98,16.98,high,low,10,namecheap,,,17/08/2026 19:25
1c379205-7094-4d70-a5f1-f411e2e12e8a,markings.rsvp,available,10.55,10.55,medium,low,8,spaceship,,,29/09/2026 10:28
53f8116e-58bd-4688-a436-ea2e262340ad,starboard.rsvp,available,12.98,16.98,high,low,9,namecheap,,,10/09/2026 18:46
e1bd9749-90e9-455e-99ec-ad1ba5198d5e,intentional.rsvp,available,10.55,10.55,high,low,11,spaceship,,,28/09/2026 21:07
7fa139d0-4158-4d9f-bbb0-e892ef931e64,unlaced.rsvp,available,12.98,16.98,medium,low,7,namecheap,,,12/09/2026 14:37
587a0bda-97f9-4851-80f8-e320a83ad649,virtue.rsvp,premium,30.22,30.22,high,low,6,spaceship,,,28/09/2026 10:22
741dbbb2-959f-4f1e-944d-fbbecd486f18,advocacy.rsvp,available,12.98,16.98,high,low,8,namecheap,,,17/09/2026 11:40
d249fc62-f543-4a3b-a7a8-f054f29544e8,subaltern.rsvp,available,12.98,16.98,medium,low,9,namecheap,,,22/08/2026 14:29
52341d8a-c58b-4013-9bdb-80dc74152e7d,traditionally.rsvp,available,10.81,10.81,medium,low,13,porkbun,,,29/09/2026 20:59
2cde48a1-1c90-4a71-a715-e1e2a5f843b6,amy.rsvp,premium,323.7,323.7,high,low,3,namecheap,,,25/09/2026 16:39
f6b52cbe-2db8-4959-be27-b33db982d3e9,violinist.rsvp,available,14,,high,low,9,unstoppable,,,01/10/2026 02:03
1ddac387-e1ed-444a-8fa6-6b9f56d3b214,avarice.rsvp,available,12.98,16.98,medium,low,7,namecheap,,,21/09/2026 08:42
a1c83566-86f0-4d34-aef2-b8a73ee5e772,cometary.rsvp,available,12.98,16.98,medium,low,8,namecheap,,,12/08/2026 18:56
da965b4a-00a4-4d48-adea-51bfe3eac613,droning.rsvp,available,12.98,16.98,medium,low,7,namecheap,,,25/08/2026 05:28
e08ecae1-193c-463f-b121-b2202629d957,glance.rsvp,premium,30.22,30.22,high,low,6,spaceship,,,29/09/2026 11:47
c4fed2e4-2d69-48fc-a26a-1af67c4e4600,contras.rsvp,available,10.55,10.55,medium,low,7,spaceship,,,03/10/2026 00:11
a41fb23c-ce2a-43a7-b9c7-a4d3ab4c53cc,myotic.rsvp,available,12.98,16.98,medium,low,6,namecheap,,,25/08/2026 01:02
9af0029e-9aa7-449c-b5e1-a86156ccda8a,joining.rsvp,available,12.98,16.98,high,low,7,namecheap,,,25/09/2026 23:20
99611760-cc0d-4489-ae85-4937c12889ad,wakes.rsvp,available,10.81,10.81,medium,low,5,porkbun,,,28/09/2026 13:11
529729fc-50d4-4142-9da0-d1a27dc1ee9c,grand.rsvp,premium,648.7,648.7,high,low,5,namecheap,,,21/09/2026 11:05
9f19f573-734f-4256-bdf8-1ac7172129c3,conversion.rsvp,premium,129.2,,high,low,10,unstoppable,,,29/09/2026 06:19
4062ac5f-7378-4913-a423-ff7833022029,polybius.rsvp,available,10.55,10.55,medium,low,8,spaceship,,,02/10/2026 10:41
2d77f970-7fac-4d7a-8074-3dad37ed9e68,hobson.rsvp,available,12.98,16.98,medium,low,6,namecheap,,,28/09/2026 12:14
3aeeeac2-3e44-42e9-9d8a-02e0806c88a9,mbc.rsvp,premium,61.27,61.27,high,low,3,spaceship,,,01/10/2026 07:39
97a2646a-0fdc-4a81-b4e2-5f2d2364aac6,lettres.rsvp,available,10.55,10.55,medium,low,7,spaceship,,,29/09/2026 05:30
c764d7b5-2ff7-41e6-b1c0-48f23ec26b53,theresa.rsvp,available,12.98,16.98,high,low,7,namecheap,,,17/09/2026 18:43
4779e484-b566-4dec-82b2-ebb3a8fef120,interlaced.rsvp,available,12.98,16.98,high,low,10,namecheap,,,22/08/2026 08:04
86968ea3-1b06-48ea-9479-0d455edd1d38,cocksure.rsvp,available,12.98,16.98,medium,low,8,namecheap,,,12/08/2026 15:00
63fd430a-1782-4594-8bcf-206f1c038f95,workouts.rsvp,premium,37.7,37.7,medium,low,8,namecheap,,,19/09/2026 22:42
89c0f031-97aa-4f86-816d-31930a8066ab,how.rsvp,premium,545.26,545.26,high,low,3,porkbun,,,30/09/2026 22:12
5d82a31b-715c-41a4-b631-f1dec71aaf05,consume.rsvp,available,14,,high,low,7,unstoppable,,,29/09/2026 02:37
9a00cc8c-514b-405c-a19c-038319294843,cartagena.rsvp,available,10.81,10.81,medium,low,9,porkbun,,,29/09/2026 00:21
f1dfba7d-3b92-4124-ad2e-32bd69448ecd,unnatural.rsvp,available,12.98,16.98,medium,low,9,namecheap,,,
d843a223-444e-465a-b604-d5ea83a5f4ab,snyder.rsvp,available,12.98,16.98,high,low,6,namecheap,,,25/09/2026 18:53
17c3ba0e-4830-4068-b77e-7b7ee69b335a,evocative.rsvp,available,12.98,16.98,high,low,9,namecheap,,,17/08/2026 15:14
0ba539a6-e930-4751-9aa7-c9497e1b1665,ashram.rsvp,available,12.98,16.98,high,low,6,namecheap,,,20/09/2026 13:58
b28681cb-31a4-4343-8b0f-70a2af352824,standpoint.rsvp,available,10.2,10.2,high,low,10,cloudflare,,,01/10/2026 03:19
2d3a7848-8338-491b-b082-350105c57fcb,cures.rsvp,available,10.55,10.55,medium,low,5,spaceship,,,02/10/2026 03:22
26d22c14-8190-4ce1-9926-42a5c9b36cd1,unbacked.rsvp,available,12.98,16.98,high,medium,8,namecheap,,,10/09/2026 08:27
23325726-fc3a-4e68-8fab-277d184e294c,utterable.rsvp,available,12.98,16.98,high,medium,9,namecheap,,,10/09/2026 15:23
f485cbdc-356d-4b0e-86f0-59e9bc600c3b,effortless.rsvp,available,12.98,16.98,high,low,10,namecheap,,,15/08/2026 16:21
d491a37b-9786-4d28-9fba-ab00c3778b8f,pickett.rsvp,available,10.55,10.55,medium,low,7,spaceship,,,28/09/2026 14:18
be3e3f46-3d50-4239-bbd7-a61471b05907,inductive.rsvp,available,12.98,16.98,medium,low,9,namecheap,,,22/08/2026 03:29
012850d4-8764-416c-a63b-b9c56e9841ba,migrant.rsvp,available,12.98,16.98,high,low,7,namecheap,,,24/08/2026 22:47
ad3c97d9-d980-4f83-a91e-723762705298,grapefruit.rsvp,available,12.98,16.98,high,low,10,namecheap,,,24/09/2026 15:09
0a7571f9-8cca-4a98-b64f-8fb86958e9bf,alternator.rsvp,available,12.98,16.98,medium,low,10,namecheap,,,18/09/2026 14:48
48193516-70a1-4516-903b-cf81299c057b,foam.rsvp,premium,61.27,61.27,high,low,4,spaceship,,,28/09/2026 05:46
f4786d0d-823e-4390-9c26-0f986e7e96c5,brit.rsvp,premium,36.25,36.25,high,low,4,name.com,,,11/08/2026 04:52
2f444410-7320-4ce8-9f27-f8c6e0f377e6,intact.rsvp,premium,36.25,36.25,high,low,6,name.com,,,22/08/2026 07:49
a044030c-f50e-4294-930c-c8be2470e843,cleland.rsvp,available,10.81,10.81,medium,low,7,porkbun,,,02/10/2026 09:56
e64d3a36-979c-4561-8ebd-9ac60ed13d91,dod.rsvp,premium,,,high,low,3,,,,30/09/2026 01:18
14c939f1-1e09-4c97-b825-3115e1b4e08b,abolition.rsvp,available,12.98,16.98,high,low,9,namecheap,,,16/09/2026 16:28
7d70aae3-53f1-4615-a179-9113e07d013b,innately.rsvp,available,12.98,16.98,medium,low,8,namecheap,,,15/09/2026 08:27
112d2d27-8edf-4a5e-8851-db34d38dbb1c,despise.rsvp,available,10.55,10.55,high,low,7,spaceship,,,29/09/2026 15:39
c1a65385-4b82-401f-b157-d5f3d30957a9,treasure.rsvp,premium,167.7,167.7,high,low,8,namecheap,,,27/09/2026 06:38
1e08044c-a5fb-4516-b974-3b40529d6f85,exemption.rsvp,available,14,,high,low,9,unstoppable,,,30/09/2026 17:15
28a68160-3431-4a55-a74a-024cae2f1fbd,shaft.rsvp,premium,30.22,30.22,high,low,5,spaceship,,,29/09/2026 01:04
feae3308-bce7-4a3f-be7d-08fb787588c2,patristic.rsvp,available,12.98,16.98,medium,low,9,namecheap,,,08/09/2026 10:38
2f9db749-c20f-4cc6-a026-2e2790e13e66,sunken.rsvp,available,12.98,16.98,medium,low,6,namecheap,,,13/08/2026 22:55
1fe1b42d-7d25-43c4-8a73-3f993b3a9845,robbed.rsvp,available,12.98,16.98,low,low,6,namecheap,,,27/09/2026 02:44
d847dca2-f77d-4ba9-96c0-a53a4903f610,minor.rsvp,premium,76.7,76.7,high,low,5,namecheap,,,25/09/2026 20:28
ddab685e-ced4-4856-a197-ae607faa3eb7,unicorn.rsvp,premium,257.92,257.92,high,medium,7,spaceship,,,29/09/2026 14:05
c8c112b2-127c-4a0d-bd34-730c3504a8f1,puppet.rsvp,premium,,,high,low,6,,,,28/09/2026 02:20
ac09fa16-8d5c-483f-95fd-18f75811448c,rant.rsvp,premium,37.7,37.7,high,low,4,namecheap,,,24/09/2026 03:37
03a5b41e-872d-4bbc-b74a-6ceb423604ca,sss.rsvp,premium,257.92,257.92,high,low,3,spaceship,,,02/10/2026 06:22
1169d7f2-3e07-4752-b7b9-399d26019d43,attendee.rsvp,available,12.98,16.98,high,low,8,namecheap,,,21/09/2026 01:26
269b473d-7be5-4fe0-bb39-6519741ba603,briary.rsvp,available,12.98,16.98,medium,low,6,namecheap,,,08/08/2026 17:02
ab9000b3-44ad-4b3e-a46b-d6df295471bf,graceless.rsvp,available,12.98,16.98,medium,low,9,namecheap,,,18/08/2026 20:43
6b1a20de-ac1f-4a86-bc5f-348a26c0f6dd,soundtrack.rsvp,premium,30.22,30.22,high,low,10,spaceship,,,30/09/2026 18:47
1715706b-7e5e-483c-90db-247b18c4b78d,mitra.rsvp,premium,37.7,37.7,high,low,5,namecheap,,,30/09/2026 02:19
802f5be5-f47a-41c0-a672-ac4c1c0fd8f5,restrained.rsvp,available,12.98,16.98,medium,low,10,namecheap,,,20/08/2026 20:43
54bfec0f-5537-4c0a-8b5d-8823be815bcd,mingle.rsvp,premium,37.7,37.7,high,low,6,namecheap,,,22/09/2026 03:11
fbe7ca51-0de1-4336-b7ef-e5aa0c2199bf,computers.rsvp,premium,133.72,133.72,high,low,9,spaceship,,,01/10/2026 03:23
6b20c383-7852-4394-ab4d-a203ccc47c3e,somerset.rsvp,premium,36.25,36.25,high,low,8,name.com,,,18/08/2026 08:27
be1bd49c-557c-42dc-985f-933358f36f57,nesting.rsvp,available,10.2,10.2,high,low,7,cloudflare,,,01/10/2026 07:46
4aeb20b4-cdcd-4838-bdd4-ed8d98d6e58b,scripted.rsvp,available,10.55,10.55,high,low,8,spaceship,,,27/09/2026 18:42
9410cd52-a088-4ae9-9ad2-8e4978389b55,auxesis.rsvp,available,12.98,16.98,medium,low,7,namecheap,,,21/09/2026 08:33
3b1e1fb4-1c03-4d9f-94a3-81a2f4fb2960,crafts.rsvp,premium,167.7,167.7,medium,low,6,namecheap,,,19/09/2026 02:50
8423866f-2d1a-421a-8de9-c9bc42f87fc8,capricorn.rsvp,available,12.98,16.98,high,low,9,namecheap,,,24/09/2026 12:40
00d55b33-fbd6-460d-8ca0-d72bf18b4870,braggart.rsvp,available,12.98,16.98,medium,low,8,namecheap,,,11/08/2026 01:16
b5edc27d-bed9-4bf2-a89a-34d70a71d009,pellet.rsvp,premium,32.18,32.18,high,low,6,porkbun,,,02/10/2026 16:23
f153ba11-9a5a-4ec4-9fb4-545aa9147a7a,scarring.rsvp,available,10.55,10.55,medium,low,8,spaceship,,,03/10/2026 03:38
97d0a1ba-1df5-4d8b-9f87-bde46d9e5f50,sync.rsvp,premium,129.2,,high,medium,4,unstoppable,,,29/09/2026 20:47
b17b32a9-616c-4ef2-a9bb-8725ad16dffc,brisant.rsvp,available,12.98,16.98,medium,low,7,namecheap,,,11/08/2026 04:27
1a14f349-d8eb-44c3-91cd-c85d523fc85e,stubbornly.rsvp,available,12.98,16.98,medium,low,10,namecheap,,,14/09/2026 10:12
b2248463-508e-4748-b6ec-2e0bde48513a,maintains.rsvp,available,10.55,10.55,medium,low,9,spaceship,,,30/09/2026 07:23
a80d06bf-76d4-470a-aefc-730539b59a64,kalamazoo.rsvp,available,10.55,10.55,high,low,9,spaceship,,,28/09/2026 02:12
67b7a481-930f-43a3-b388-8e97e1ba695c,blizzard.rsvp,available,10.55,10.55,medium,low,8,spaceship,,,29/09/2026 00:11
e121337e-4d24-415c-a39d-abc41e18dea4,arced.rsvp,available,12.98,16.98,medium,low,5,namecheap,,,06/08/2026 14:28
bbc000a1-dda1-484b-bfb3-bf9727356a78,garrison.rsvp,available,10.81,10.81,high,low,8,porkbun,,,30/09/2026 09:43
346288f6-76b7-4d68-b255-b83de5f133a7,thinkable.rsvp,available,12.98,16.98,high,low,9,namecheap,,,11/09/2026 13:28
feb240c5-9648-4c74-89fb-ec3546d8a38c,storrs.rsvp,available,14,,medium,low,6,unstoppable,,,30/09/2026 22:16
4f8d1c70-9408-497c-a0d8-a92fca358f1c,gastronome.rsvp,available,12.98,16.98,high,low,10,namecheap,,,17/08/2026 10:44
c7f487f1-376b-4d4c-a4b8-f04eb6b90976,uric.rsvp,available,12.98,16.98,medium,low,4,namecheap,,,12/09/2026 23:37
5db62076-2141-491d-b7ef-c3e4c1368421,wagner.rsvp,premium,,,high,medium,6,,,,28/09/2026 20:05
8be2b7ef-f9a7-4551-9698-5520de0dcc56,reflexive.rsvp,available,12.98,16.98,high,medium,9,namecheap,,,09/09/2026 12:40
a074861b-6f93-4e11-8aa1-cca3fa7889fb,masterly.rsvp,available,12.98,16.98,high,low,8,namecheap,,,23/09/2026 21:40
5b466abb-e386-4b66-bb41-707e6e3dc113,cracker.rsvp,premium,37.7,37.7,high,low,7,namecheap,,,24/09/2026 18:59
9996bdd0-c0bf-440e-9670-3dcd50250cc2,telly.rsvp,available,12.98,16.98,high,low,5,namecheap,,,24/09/2026 06:44
a04dc0f1-0130-4aec-9462-46d357a3d6b1,diamantine.rsvp,available,12.98,16.98,medium,low,10,namecheap,,,14/08/2026 05:52
432b8eb9-b51e-4f97-8fc9-7b79755e3f94,complexly.rsvp,available,12.98,16.98,medium,low,9,namecheap,,,14/09/2026 07:45
c02131fb-1559-4c00-9ba2-8c50fd6a3cf4,dinnertime.rsvp,available,12.98,16.98,high,low,10,namecheap,,,24/09/2026 22:22
9f6e00e6-edb8-49f4-9e29-25d26c8e8947,parvenu.rsvp,available,12.98,16.98,medium,low,7,namecheap,,,03/09/2026 22:14
698a48ff-28c1-4def-b321-b2e3ebc86637,adrienne.rsvp,available,14,,medium,low,8,unstoppable,,,29/09/2026 09:35
6917c3a9-ece1-4a72-9424-68a8ed6841ed,mogadishu.rsvp,available,12.98,16.98,medium,low,9,namecheap,,,24/09/2026 12:23
308e67ca-ed0b-484b-aca3-533db5d720c6,connaught.rsvp,available,10.2,10.2,medium,low,9,cloudflare,,,30/09/2026 21:44
7985f384-e019-4d29-b118-4397ac5dbe54,carbonated.rsvp,available,12.98,16.98,medium,low,10,namecheap,,,11/08/2026 18:39
5823c7b1-60a4-458e-b78c-daaee3b4d428,pills.rsvp,premium,76.7,76.7,medium,low,5,namecheap,,,20/09/2026 04:26
d837bdf8-0e27-469b-9770-3761f1752421,blackfoot.rsvp,available,12.98,16.98,medium,low,9,namecheap,,,24/09/2026 02:17
7a7189a1-d139-4e30-adc2-09d61f20e02a,sweetly.rsvp,available,12.98,16.98,high,low,7,namecheap,,,11/09/2026 05:33
36077d09-6d32-4b8f-8768-208c65633f4f,sanative.rsvp,available,12.98,16.98,medium,low,8,namecheap,,,
78d41d86-f20e-4899-aaf6-c44eb3c421d6,compilers.rsvp,available,14.99,,medium,low,9,name.com,,,
8f1c5b84-6888-4f65-94cc-fa10e3d5809e,textures.rsvp,available,12.98,16.98,medium,low,8,namecheap,,,20/09/2026 19:34
0cd701cc-71ca-4089-8a02-07735833a81e,higher.rsvp,premium,249.2,,high,low,6,unstoppable,,,01/10/2026 02:01
e4cbdbd1-8a0f-4d45-a723-2bc281870f8e,streaky.rsvp,available,12.98,16.98,medium,low,7,namecheap,,,10/09/2026 22:22
573984e1-0219-4623-bee1-520be13ae73c,obstinate.rsvp,available,12.98,16.98,medium,low,9,namecheap,,,13/08/2026 12:17
71595dc5-fbf6-4790-883d-3eff988db8c1,highlands.rsvp,available,12.98,16.98,high,low,9,namecheap,,,30/09/2026 10:07
4eddf2ac-5b19-41a4-836a-1bb26ad3a08f,rebellion.rsvp,available,10.2,10.2,high,low,9,cloudflare,,,30/09/2026 00:15
64df564d-9c50-4b62-be91-85d92aeb034c,puff.rsvp,premium,76.7,76.7,high,low,4,namecheap,,,09/09/2026 05:34
1a0bcb1a-32fb-43a0-82e1-fe8b099d9283,feat.rsvp,premium,76.7,76.7,high,low,4,namecheap,,,30/09/2026 01:35
f843099a-e8cf-4c97-aad1-4b246a5b55c5,fleas.rsvp,available,10.81,10.81,medium,low,5,porkbun,,,02/10/2026 13:48
5e44ad5c-ec2e-4d97-bb1c-94615e3235c0,askance.rsvp,available,12.98,16.98,medium,low,7,namecheap,,,07/08/2026 02:56
aee4dae6-5d98-4623-a4b0-411e69b7dbdd,settlements.rsvp,available,10.55,10.55,medium,low,11,spaceship,,,02/10/2026 12:53
97f6832f-4ce1-41f0-b929-229cd5f1be69,scapegoat.rsvp,available,10.2,10.2,high,low,9,cloudflare,,,02/10/2026 16:42
93428d27-e136-4b4f-9246-77e930dbb7b1,roasted.rsvp,available,12.98,16.98,high,low,7,namecheap,,,27/09/2026 15:50
c864dcdd-5e3e-4b5a-a031-22eff0d6ec35,nonpareil.rsvp,available,12.98,16.98,high,low,9,namecheap,,,24/08/2026 17:02
70348a5b-a1d8-4152-9c57-996319e2a01d,amazingly.rsvp,available,12.98,16.98,high,low,9,namecheap,,,13/09/2026 19:27
c6cc70eb-e47e-432d-bde0-57025c8dce79,planktonic.rsvp,available,12.98,16.98,medium,low,10,namecheap,,,08/09/2026 20:46
50d998b1-179f-484a-a609-09adc7efead8,amish.rsvp,available,12.98,16.98,high,low,5,namecheap,,,18/09/2026 21:52
3dda8326-4dfe-4252-9c4b-d188c979f749,boyish.rsvp,available,12.98,16.98,high,low,6,namecheap,,,11/08/2026 00:04
96316669-88a4-4d6d-a031-eae95eca2611,choosy.rsvp,available,12.98,16.98,medium,low,6,namecheap,,,12/08/2026 06:53
5d03513e-93cf-4096-9884-664f03f8a7a0,stormed.rsvp,available,12.98,16.98,medium,low,7,namecheap,,,20/09/2026 15:47
4a726e78-0f34-4cd0-8564-ca061c656609,uneven.rsvp,available,12.98,16.98,high,low,6,namecheap,,,04/09/2026 00:48
7c2398a5-e6ef-4694-8a8e-c6d4c9b25da1,fatso.rsvp,available,12.98,16.98,medium,low,5,namecheap,,,17/08/2026 23:54
1ceda422-bd70-4032-b5bc-937586be1a78,luisa.rsvp,available,14,,medium,low,5,unstoppable,,,29/09/2026 05:31
806e69a3-e580-4142-aa7a-8954d48b256a,maverick.rsvp,premium,36.25,36.25,high,low,8,name.com,,,24/08/2026 17:42
f777f270-7b2f-4025-b1c8-1936cfdfce4a,bareboat.rsvp,available,12.98,16.98,medium,low,8,namecheap,,,22/09/2026 05:23
a8f6d57c-1ff0-48a5-aa69-96fc744333ec,extending.rsvp,available,12.98,16.98,medium,low,9,namecheap,,,29/09/2026 10:43
2f4e4cfd-4911-48ae-b191-eac26d99cbf0,slc.rsvp,premium,59.2,,high,low,3,unstoppable,,,30/09/2026 20:32
889be64e-9736-4297-8aa0-64375a5f2a26,aphesis.rsvp,available,12.98,16.98,medium,low,7,namecheap,,,19/09/2026 16:55
8fc53e21-5846-4b57-b122-d9e33385ca9f,ail.rsvp,premium,76.7,76.7,high,low,3,namecheap,,,17/09/2026 21:05
f93e1091-0a5d-4336-8283-7bf68fe962a7,sensible.rsvp,available,12.98,16.98,high,low,8,namecheap,,,09/09/2026 11:07
c26e5748-95ac-47c1-839a-ea37104de8cf,assailant.rsvp,available,12.98,16.98,medium,low,9,namecheap,,,17/09/2026 17:42
c80236ed-bc91-4bdb-b53c-5f8a0e6fbf75,cordial.rsvp,available,12.98,16.98,high,low,7,namecheap,,,21/09/2026 21:39
169fa532-1381-4d5b-809f-19d9539112ee,navel.rsvp,available,12.98,16.98,high,low,5,namecheap,,,23/09/2026 06:35
dc5554c0-8896-44b0-8413-a9e7f4603a7e,neritic.rsvp,available,12.98,16.98,medium,low,7,namecheap,,,03/09/2026 15:41
188afc72-aef8-4440-9c60-79fa1775b326,forestry.rsvp,available,14,,high,low,8,unstoppable,,,03/10/2026 00:51
04cc8b3e-6826-4798-b314-c2f51e446b60,soothes.rsvp,available,12.98,16.98,medium,low,7,namecheap,,,20/09/2026 05:20
43ccd4f5-52be-45b3-a7aa-3bb15cafffe7,guangdong.rsvp,available,12.98,16.98,medium,low,9,namecheap,,,28/09/2026 09:58
c36a7a71-17e9-4cc5-b3ba-89c4e1bfa13e,observing.rsvp,available,12.98,16.98,high,low,9,namecheap,,,04/09/2026 00:01
99a20c0c-a530-458d-8ebf-4b7d7bce29ca,degeneration.rsvp,available,14,,medium,low,12,unstoppable,,,02/10/2026 11:07
048bbd25-ae43-4b3b-83bf-6b55b808af0e,assault.rsvp,available,12.98,16.98,medium,low,7,namecheap,,,20/09/2026 15:48
bf80da67-751f-4513-b59d-2c992fa383e5,according.rsvp,premium,36.25,36.25,high,low,9,name.com,,,
a8f1117f-6187-4784-a05d-7f99b18fa11d,baffin.rsvp,available,12.98,16.98,medium,low,6,namecheap,,,02/10/2026 09:30
59af1959-e905-400c-bc11-86d447beb2db,sozzled.rsvp,available,12.98,16.98,low,low,7,namecheap,,,09/08/2026 16:23
df0e745f-df8c-49b2-b8cc-b824b3f89601,unchained.rsvp,available,12.98,16.98,high,low,9,namecheap,,,12/09/2026 04:54
ed6d8df9-d9fd-476d-9a90-17036cf52d8e,adjourned.rsvp,available,10.81,10.81,high,low,9,porkbun,,,29/09/2026 08:57
f5bfce16-752d-412b-aee6-f7cb3da08e84,shutters.rsvp,available,10.55,10.55,medium,low,8,spaceship,,,02/10/2026 03:37
604e653c-1fcf-4e8c-8adf-31e466a62952,webshop.rsvp,premium,161.25,,high,low,8,name.com,,,
bb84c7f4-efb0-4111-9086-8ccfa40327f1,gilligan.rsvp,available,14,,medium,low,8,unstoppable,,,30/09/2026 21:55
0f5a53b5-fafc-4718-b9a4-ef2b1b7867f9,ingrid.rsvp,premium,61.27,61.27,medium,low,6,spaceship,,,28/09/2026 16:32
0fdfe8f4-6c98-4525-abc3-68dc9cd17798,bleaching.rsvp,available,10.81,10.81,high,low,9,porkbun,,,02/10/2026 21:45
ad39f4fe-d45c-4df5-8473-a89656fb5e05,blew.rsvp,available,12.98,16.98,high,low,4,namecheap,,,25/09/2026 11:11
b5168dda-7e28-4c53-a407-b276918dea43,rhyming.rsvp,available,12.98,16.98,high,low,7,namecheap,,,09/09/2026 16:53
ef096c40-1f96-41ab-bda8-539c82369781,elicit.rsvp,available,10.2,10.2,high,low,6,cloudflare,,,03/10/2026 02:25
55b2cd62-a082-4dda-81bd-d379cad9aff1,requirement.rsvp,available,10.2,10.2,high,low,11,cloudflare,,,01/10/2026 04:08
3700924d-3ea4-44a2-adf7-dcbe4b9479ab,encrusted.rsvp,available,12.98,16.98,medium,low,9,namecheap,,,13/08/2026 09:24
8ba5345f-9963-45c4-be74-f9de8663e766,matters.rsvp,premium,37.7,37.7,medium,low,7,namecheap,,,25/09/2026 17:05
973472e0-0c68-46be-bf6e-a5b93fd231a5,banditry.rsvp,available,12.98,16.98,medium,low,8,namecheap,,,22/09/2026 01:24
e6341e66-96c8-4635-b4aa-3102946cb486,hirsch.rsvp,premium,37.7,37.7,high,low,6,namecheap,,,27/09/2026 07:27
2da348a0-e4c8-4f12-9f04-257237b04621,potency.rsvp,available,12.98,16.98,high,medium,7,namecheap,,,09/09/2026 00:49
60774606-b914-43c3-b164-85106afdd01d,attractive.rsvp,premium,37.7,37.7,high,low,10,namecheap,,,22/09/2026 11:44
16fa2ee1-5c8a-4f72-905b-93f40a803f79,hut.rsvp,premium,76.7,76.7,high,low,3,namecheap,,,20/09/2026 07:59
ed136697-3ef4-4f69-92fa-4ee6da9ff262,kenalog.rsvp,available,12.98,16.98,medium,low,7,namecheap,,,20/09/2026 05:49
970a0431-5ea1-4d92-a440-f9b112e57b61,nonsuch.rsvp,available,12.98,16.98,medium,low,7,namecheap,,,03/09/2026 20:15
e472b10a-546d-4f3c-8e02-05896d12c1d2,accentual.rsvp,available,12.98,16.98,medium,low,9,namecheap,,,
73ccf08d-6111-4bc5-8223-bb2480865dfc,partly.rsvp,available,12.98,16.98,medium,low,6,namecheap,,,15/09/2026 19:01
6ef38ddf-32df-43f2-86c2-6d2b117459fb,debased.rsvp,available,12.98,16.98,medium,low,7,namecheap,,,
97b5d0f9-9c5f-41e4-8de6-1e48bfc3d4d9,motherless.rsvp,available,12.98,16.98,medium,low,10,namecheap,,,25/08/2026 07:02
fbff441f-f6e3-4ae8-bffc-ae078de6b3d1,rubberise.rsvp,available,12.98,16.98,high,medium,9,namecheap,,,09/09/2026 19:14
be5185d6-13bb-4c30-bc67-7d83e7b7fff5,aggregate.rsvp,available,12.98,16.98,high,low,9,namecheap,,,
b6333034-15d4-4147-ba2a-de909bb26d7a,infective.rsvp,available,12.98,16.98,high,low,9,namecheap,,,22/08/2026 04:14
f2b38f6f-bc0a-4c4c-b949-40d80e256b0c,freaks.rsvp,available,10.2,10.2,medium,low,6,cloudflare,,,30/09/2026 00:34
e3ea4ed7-f2a8-49b6-af62-e17c00449784,windshield.rsvp,available,10.55,10.55,high,low,10,spaceship,,,29/09/2026 14:08
251cdb46-9054-4dc4-9d5f-4c3710fea8f1,pcp.rsvp,premium,76.7,76.7,high,low,3,namecheap,,,19/09/2026 05:52
89716dfa-7923-4b91-a26e-b71a6fab71ca,humanist.rsvp,available,12.98,16.98,high,low,8,namecheap,,,21/08/2026 14:50
11bb6a96-b265-4362-8cd0-348253bf3056,crumbly.rsvp,available,12.98,16.98,medium,low,7,namecheap,,,13/08/2026 09:02
c62d4b68-a1e1-465c-abd9-7c0dd04d0b0d,slaty.rsvp,available,12.98,16.98,medium,low,5,namecheap,,,10/09/2026 10:19
c89315d2-f096-448b-9f14-bb6617b806d2,strabismus.rsvp,available,12.98,16.98,medium,low,10,namecheap,,,10/09/2026 17:49
44333091-e486-4d97-8a4e-33952175e1a7,amiable.rsvp,available,12.98,16.98,high,low,7,namecheap,,,21/09/2026 21:32
72356672-f221-4a6f-a3ee-d0be500e5705,catania.rsvp,available,12.98,16.98,medium,low,7,namecheap,,,29/09/2026 23:03
7608ac35-f5d4-42b8-9444-692180263dea,maximally.rsvp,available,12.98,16.98,medium,low,9,namecheap,,,15/09/2026 13:43
cbb1efd0-9cb9-4c0f-9987-8e8c45e8b220,fledgling.rsvp,available,12.98,16.98,high,low,9,namecheap,,,11/08/2026 14:45
b5df498f-39a4-409e-8ccb-a2a9d637d676,collateral.rsvp,available,12.98,16.98,high,low,10,namecheap,,,12/08/2026 16:42
7af3ec76-f70f-4e16-98d2-90bb7115e49c,posterior.rsvp,available,12.98,16.98,medium,low,9,namecheap,,,09/08/2026 11:12
a0603598-00b9-4483-8c9a-91ebf5a6d4cc,poetically.rsvp,available,12.98,16.98,medium,low,10,namecheap,,,15/09/2026 20:51
8c7db322-38c5-4254-9861-e4299a44eff0,enrollments.rsvp,available,14,,medium,low,11,unstoppable,,,30/09/2026 16:24
9c9526eb-ef95-4000-8aa7-d6a278d801ab,spastic.rsvp,available,12.98,16.98,medium,low,7,namecheap,,,13/08/2026 00:06
13ba8e49-4fa6-4c37-a9fc-e7690322e396,hermann.rsvp,premium,37.7,37.7,high,low,7,namecheap,,,20/09/2026 07:11
c26a975c-c268-421a-894b-3ccc39dedc65,attila.rsvp,available,12.98,16.98,high,low,6,namecheap,,,21/09/2026 01:47
5918a29e-4fe0-436e-a659-f55c8bf48e8f,greenfield.rsvp,available,10.55,10.55,high,low,10,spaceship,,,03/10/2026 03:26
93e3bf74-c705-47ee-8c39-8e62b595f9ea,scratches.rsvp,available,12.98,16.98,medium,low,9,namecheap,,,
1d08ec14-0d91-4639-a3a5-f0fd364e3b22,ripped.rsvp,available,10.55,10.55,high,low,6,spaceship,,,27/09/2026 17:41
47b587e6-e331-47c9-abf9-cb7b22235827,rising.rsvp,premium,73.75,73.75,high,low,6,name.com,,,
16a1f324-6ad3-4f90-af01-1e5c1150ecff,piano.rsvp,premium,648.7,648.7,high,low,5,namecheap,,,27/09/2026 03:41
cbb2200b-d3f5-4f7d-91bf-9e02b853f145,shelling.rsvp,available,12.98,16.98,medium,low,8,namecheap,,,22/09/2026 08:00
a4b3f912-119d-41ed-bfbf-21771493132c,turning.rsvp,available,12.98,16.98,high,low,7,namecheap,,,26/09/2026 00:27
214b0500-f297-4a77-baca-0e0d718361c6,austere.rsvp,available,12.98,16.98,medium,low,7,namecheap,,,22/09/2026 13:15
8731f7b0-9bab-442d-80b5-b266d0a98445,tagore.rsvp,available,10.55,10.55,medium,low,6,spaceship,,,30/09/2026 02:38
fed52184-2e1c-41fb-9c43-c02a3da8b5fd,pleasing.rsvp,available,12.98,16.98,high,low,8,namecheap,,,27/09/2026 04:10
ad12521c-1279-4aa3-b49c-d71b2d90e211,ensign.rsvp,available,14,,medium,low,6,unstoppable,,,30/09/2026 17:11
bd8a3cd1-87e6-4a09-9f88-41e098a2933a,blabber.rsvp,available,12.98,16.98,medium,low,7,namecheap,,,23/09/2026 11:33
c97a5f5f-d6ff-459b-9412-b3f9039a43bb,mercurial.rsvp,available,12.98,16.98,high,low,9,namecheap,,,17/08/2026 12:50
a79e7bf6-764d-4494-8f08-0582dadc9ea4,pinkish.rsvp,available,12.98,16.98,high,medium,7,namecheap,,,08/09/2026 19:46
8585524a-3d03-4c47-a578-e6108b34d15c,irc.rsvp,premium,133.72,133.72,high,low,3,spaceship,,,28/09/2026 20:54
089964e0-40ea-4824-bbb1-361d15cd634e,rushes.rsvp,available,10.55,10.55,high,low,6,spaceship,,,30/09/2026 06:26
643a88cc-f18b-433d-8ed1-a24bed8f65c0,wolfbane.rsvp,available,12.98,16.98,medium,low,8,namecheap,,,17/09/2026 02:09
ccaf2ed0-725d-4973-b8e8-06efcd01b99c,taxed.rsvp,available,10.55,10.55,medium,low,5,spaceship,,,02/10/2026 18:15
6cf560a2-d672-4794-be77-1125e83b2857,dolomite.rsvp,available,12.98,16.98,medium,low,8,namecheap,,,23/09/2026 23:01
0e59cce1-cf6f-4d60-91b9-f746111b3ca6,magnus.rsvp,premium,76.7,76.7,high,low,6,namecheap,,,25/09/2026 14:03
3bb8c7dc-d54d-4e32-842a-020c6520b4f2,allowed.rsvp,available,10.2,10.2,high,low,7,cloudflare,,,01/10/2026 19:03
5f5c8f4a-c222-4d42-a254-373310cd8bdb,predator.rsvp,premium,30.22,30.22,medium,low,8,spaceship,,,28/09/2026 14:50
4c7f980b-cc41-42a2-b503-27cb5c1760f6,spurs.rsvp,premium,,,high,low,5,,,,29/09/2026 09:52
a79bc387-88b2-4a26-86a4-c1c72ca1d1e0,blantyre.rsvp,available,12.98,16.98,medium,low,8,namecheap,,,24/09/2026 04:05
121b69a8-8dbb-4a6b-ba8f-05b5052fd436,valparaiso.rsvp,available,14,,medium,low,10,unstoppable,,,29/09/2026 02:28
1ed8fe02-a89b-4a4f-8ba7-23ee3a62f5ac,bps.rsvp,premium,76.7,76.7,high,low,3,namecheap,,,23/09/2026 22:46
3276b4c5-f8d0-42f3-88b5-687f8bb2ede7,thornton.rsvp,available,12.98,16.98,high,low,8,namecheap,,,25/09/2026 10:54
78e5eb3a-820b-4639-9288-f7dcdba6e901,enacted.rsvp,available,10.2,10.2,medium,low,7,cloudflare,,,01/10/2026 15:52
1d692676-fd76-4dff-8fda-a39c49aec323,thusly.rsvp,available,12.98,16.98,medium,low,6,namecheap,,,16/09/2026 09:04
9efbc48c-8495-43e0-8608-7f99bee2b238,orphan.rsvp,available,10.2,10.2,high,low,6,cloudflare,,,30/09/2026 06:17
93cae614-7325-4350-a82b-4999dcd4b65a,corral.rsvp,available,14,,high,low,6,unstoppable,,,02/10/2026 14:36
38ed0b8d-46fb-4449-a588-3250eed023bf,abbey.rsvp,premium,76.7,76.7,high,low,5,namecheap,,,16/09/2026 14:25
ceb8450a-ef9b-4edc-ae18-65ed500146a8,digitizer.rsvp,available,12.98,16.98,high,low,9,namecheap,,,19/09/2026 01:49
b9c4bbf7-2d9b-4cf7-894f-0f42cab01d19,active.rsvp,premium,648.7,648.7,high,low,6,namecheap,,,02/10/2026 12:07
f4f61893-7a03-47c7-be4a-b11110d81c0c,exceptions.rsvp,available,12.98,16.98,low,low,10,namecheap,,,28/09/2026 23:04
420ef5d8-acc5-4c4d-8d1e-953d831df2bc,invaders.rsvp,available,10.2,10.2,medium,low,8,cloudflare,,,30/09/2026 00:36
215ea77c-d4fd-48b6-8e4c-cebb54f5626d,filaria.rsvp,available,12.98,16.98,high,low,7,namecheap,,,18/09/2026 06:14
2fdb970b-86f4-4c47-afb2-f2bb9b3936fb,homoerotic.rsvp,available,12.98,16.98,medium,low,10,namecheap,,,21/08/2026 12:51
6bf03533-1706-4f58-ab79-e86747e3be95,hectic.rsvp,available,12.98,16.98,high,low,6,namecheap,,,18/08/2026 03:09
90f0ac4c-8d78-41fb-9586-1958dbbbc947,prehensile.rsvp,available,12.98,16.98,medium,low,10,namecheap,,,07/08/2026 22:14
371635fc-938a-4327-88a3-7c5558e2f2a3,potbellied.rsvp,available,12.98,16.98,medium,low,10,namecheap,,,
8cd7601f-712a-4a12-a960-08f8a39048e5,trepid.rsvp,available,12.98,16.98,medium,low,6,namecheap,,,11/09/2026 16:07
0e2f333a-184a-46e0-8374-0f8d791ab84e,electra.rsvp,premium,30.22,30.22,high,low,7,spaceship,,,03/10/2026 00:37
b96a9373-6e52-4b39-8440-080c63937609,julian.rsvp,premium,73.75,73.75,high,low,6,name.com,,,22/08/2026 14:19
838a38a5-0c87-4102-8d1c-1d3be36f7fdf,landmark.rsvp,premium,59.2,,high,low,8,unstoppable,,,29/09/2026 13:16
5dc870ff-ad0e-4fd4-b1c2-9b26e22a4760,lowered.rsvp,available,12.98,16.98,medium,low,7,namecheap,,,25/09/2026 15:26
20cda4a1-dadd-489a-af4e-69675e6d8178,barye.rsvp,available,14.99,19.99,medium,low,5,name.com,,,22/09/2026 03:48
85e27696-2e16-466d-8519-31904396c1fc,jazz.rsvp,premium,311.25,,high,low,4,name.com,,,29/09/2026 20:07
a3c3327e-53e4-4fad-bc4b-ee56e0d3cbf7,arose.rsvp,available,10.55,10.55,medium,low,5,spaceship,,,29/09/2026 22:55
e78ff5e7-99e8-42d3-9362-2a36ad71581a,hedge.rsvp,premium,29.2,,high,low,5,unstoppable,,,29/09/2026 22:33
3855c1e2-7d53-4471-b0df-faee48b85331,experiences.rsvp,premium,61.27,61.27,high,low,11,spaceship,,,28/09/2026 04:46
50daf8d7-4999-448e-a64d-cb376a27f29a,persecution.rsvp,available,10.55,10.55,medium,low,11,spaceship,,,29/09/2026 16:24
8a380c75-ca46-4e79-8c27-9280059b45c8,bochum.rsvp,premium,30.22,30.22,medium,low,6,spaceship,,,02/10/2026 09:13
56bd01e6-7041-457d-9963-570b4bed7d66,lawn.rsvp,premium,61.27,61.27,high,low,4,spaceship,,,30/09/2026 02:21
9b100e94-3639-40f1-8ff9-1b89eb715999,parametric.rsvp,available,12.98,16.98,high,low,10,namecheap,,,08/09/2026 01:01
85f3bdc2-1c4c-4a54-a96b-934793e3e29d,toaster.rsvp,available,10.2,10.2,high,low,7,cloudflare,,,01/10/2026 21:56
4b93b336-fa94-48fa-a51a-1d27ceb673ca,allsorts.rsvp,available,12.98,16.98,low,low,9,namecheap,,,16/09/2026 05:53
5b3f41e9-2e1e-4b98-bc86-cb340d99b6ce,sills.rsvp,available,12.98,16.98,high,low,5,namecheap,,,23/09/2026 06:04
accda660-c562-4a95-ac96-a3aceca7b0ce,tricky.rsvp,available,12.98,16.98,high,low,6,namecheap,,,11/08/2026 21:23
e37ad411-fab0-4ab7-909a-84223d4a0234,poodle.rsvp,premium,37.7,37.7,high,low,6,namecheap,,,01/10/2026 21:20
65f4cd74-fa56-4c78-910b-ad697fd5f7f3,protests.rsvp,available,14,,medium,low,8,unstoppable,,,30/09/2026 07:34
fd2f7dc8-1127-4d80-ae0f-104f27e8fe04,mitigated.rsvp,available,14.99,19.99,medium,low,9,name.com,,,25/08/2026 02:06
328245f1-9a1f-490b-b7c0-4452abed2dd5,nationalist.rsvp,available,10.81,10.81,medium,low,11,porkbun,,,30/09/2026 19:40
d49735e3-2acf-4ccf-b854-24b2da00a326,socialism.rsvp,available,10.55,10.55,high,low,9,spaceship,,,29/09/2026 20:26
e4984485-9cf4-4f14-ae33-539fcba0170e,dampen.rsvp,available,14.99,19.99,medium,low,6,name.com,,,13/08/2026 16:53
0ab8a1d0-1160-474e-8c7e-c43dd58a76c6,well.rsvp,premium,648.7,648.7,high,low,4,namecheap,,,24/09/2026 22:39
723ebfce-59a0-482f-babe-eae498f74248,sens.rsvp,premium,59.2,,high,low,4,unstoppable,,,01/10/2026 01:48
d7c6eb6f-4e1f-49ca-989e-296a65a8a7f1,glory.rsvp,premium,129.2,,high,low,5,unstoppable,,,29/09/2026 20:52
71ab7d38-51d1-4163-a173-8f0009c79703,fracture.rsvp,available,10.2,10.2,high,low,8,cloudflare,,,28/09/2026 01:53
15ed9133-0214-4ce5-bdc5-c83851e3b1c0,cafeteria.rsvp,available,12.98,16.98,high,low,9,namecheap,,,24/09/2026 11:37
32e8421c-3a7e-4f18-8cf0-1ce95291be54,medals.rsvp,available,10.55,10.55,high,low,6,spaceship,,,02/10/2026 19:17
427647ff-c27f-4e81-b360-369c5923056a,familial.rsvp,available,12.98,16.98,high,low,8,namecheap,,,17/08/2026 21:41
6f209579-eedf-4c05-9064-735773f7391e,detrimental.rsvp,available,14,,medium,low,11,unstoppable,,,02/10/2026 17:33
72026e81-c7bf-4ab1-ba14-3de8871afbb6,astonished.rsvp,available,12.98,16.98,high,low,10,namecheap,,,22/09/2026 03:35
d0fe5177-a7ac-47ac-8e5b-a8c78d54bee6,finally.rsvp,premium,61.27,61.27,high,low,7,spaceship,,,28/09/2026 12:41
bab18d2b-9aa2-4ad4-b5bd-50d06d7cccf9,aloud.rsvp,available,12.98,16.98,high,low,5,namecheap,,,25/09/2026 14:25
cd1151b7-5b10-4fb3-a62b-296dc6a882e7,dilate.rsvp,available,12.98,16.98,medium,low,6,namecheap,,,16/08/2026 00:39
fd6a92a4-84e3-4647-85a0-8e78ab205059,explanations.rsvp,available,12.98,16.98,medium,low,12,namecheap,,,17/09/2026 10:05
2bd038bf-cf4f-4987-a64d-f97ec0791df4,fayetteville.rsvp,available,10.2,10.2,high,low,12,cloudflare,,,28/09/2026 04:16
e48a9527-4e72-48e1-8618-c51826c338e8,beef.rsvp,premium,161.25,161.25,high,low,4,name.com,,,23/09/2026 00:18
4b981db4-fd8c-4d3d-a01a-81be5150d5e1,rove.rsvp,available,12.98,16.98,high,low,4,namecheap,,,10/09/2026 22:12
a3fa8953-5ec0-41a5-ada5-5697a23b027a,executive.rsvp,premium,323.7,323.7,high,low,9,namecheap,,,19/09/2026 08:02
f2e2e4c3-3e88-452a-ac6c-22d66fd956f9,ccr.rsvp,premium,64.93,64.93,high,low,3,porkbun,,,02/10/2026 19:02
43c89d3f-a5ef-47d6-9854-e2bc0e355e13,involute.rsvp,available,12.98,16.98,high,low,8,namecheap,,,22/08/2026 09:12
84fcc28e-cf85-4bc0-9da0-564136a6932d,berthold.rsvp,available,10.55,10.55,medium,low,8,spaceship,,,30/09/2026 13:32
f7f1ef29-00c8-475a-a44c-731187c5595f,stained.rsvp,available,12.98,16.98,medium,low,7,namecheap,,,10/09/2026 18:14
b9b3b9de-7f0d-49b8-9183-7d113b1fd520,sigmoid.rsvp,available,12.98,16.98,high,medium,7,namecheap,,,10/09/2026 07:58
2f950f06-c49f-4196-93d9-b8aedfcac68c,mie.rsvp,premium,59.2,,high,low,3,unstoppable,,,30/09/2026 13:22
103823fd-166d-4aad-ab63-dfea67c32b5a,typing.rsvp,premium,133.72,133.72,high,low,6,spaceship,,,30/09/2026 14:07
987084d1-b768-4427-b0f5-d79f1239142f,beseeching.rsvp,available,12.98,16.98,medium,low,10,namecheap,,,09/08/2026 15:20
2d324de8-23ea-4de4-84be-035a23336db3,rimless.rsvp,available,12.98,16.98,medium,low,7,namecheap,,,09/09/2026 17:43
75240b74-f261-4644-878b-3966b127275e,official.rsvp,premium,623.75,,high,low,8,name.com,,,26/09/2026 00:05
8660ace8-ba66-4a83-ab9d-46f40ab3b7dc,false.rsvp,premium,76.7,76.7,high,low,5,namecheap,,,22/09/2026 10:15
2d655b0b-963c-492a-8192-509479e975ad,handed.rsvp,available,12.98,16.98,high,low,6,namecheap,,,20/08/2026 23:25
2901d10f-2cab-46ea-a16d-93e9d01fc3f4,hanks.rsvp,available,10.55,10.55,medium,low,5,spaceship,,,01/10/2026 19:55
45563127-4366-4408-be09-51ddf5f5248b,spread.rsvp,premium,61.27,61.27,high,low,6,spaceship,,,28/09/2026 08:38
36eaa1e1-6b86-4914-8d74-d8529059591d,locker.rsvp,premium,76.7,76.7,high,low,6,namecheap,,,25/09/2026 06:06
ae27fa24-5828-4cbe-b0ba-1f806966cc20,fireball.rsvp,available,12.98,16.98,high,low,8,namecheap,,,21/09/2026 22:35
8d2bb4ba-9557-4252-89a9-f9c25c734c54,earful.rsvp,available,12.98,16.98,medium,low,6,namecheap,,,22/09/2026 17:11
1a0048bc-a7a9-406c-99ae-1a7c89a0058e,strategies.rsvp,premium,76.7,76.7,high,low,10,namecheap,,,30/09/2026 07:25
9a01fe63-99d7-4ad3-b140-e47ff15b9301,diffuse.rsvp,available,12.98,16.98,high,low,7,namecheap,,,14/08/2026 07:02
6912a681-2a3f-4999-ba72-a98bed87b064,adps.rsvp,available,12.98,16.98,medium,low,4,namecheap,,,17/09/2026 09:53
26292d24-38a9-43d9-b47c-fc0286053d20,audiometer.rsvp,available,12.98,16.98,medium,low,10,namecheap,,,21/09/2026 02:58
7213e2de-d95f-4e4a-a2d4-29f59fdd8976,daydreams.rsvp,available,12.98,16.98,medium,low,9,namecheap,,,19/09/2026 21:17
fd64766d-b17c-4ebc-9eab-6a4da8623a4f,haggard.rsvp,available,12.98,16.98,medium,low,7,namecheap,,,10/08/2026 18:56
eef2b997-1609-4a8e-a9b9-05d45bd36c93,deformed.rsvp,available,12.98,16.98,medium,low,8,namecheap,,,13/08/2026 23:37
8041eb7c-cf85-4f56-a99d-0f2af7998561,asunder.rsvp,available,12.98,16.98,medium,low,7,namecheap,,,07/08/2026 10:20
e3434dfb-7efc-4943-8614-5cbd464f209b,beatniks.rsvp,available,12.98,16.98,medium,low,8,namecheap,,,22/09/2026 21:34
ed0ec8af-7465-4578-ad3e-9deee0c05f46,moonlike.rsvp,available,12.98,16.98,medium,low,8,namecheap,,,25/08/2026 05:49
7577bbf8-bd6c-4493-ae6a-71ffd0a16a18,melville.rsvp,available,12.98,16.98,high,low,8,namecheap,,,25/09/2026 07:18
5d5eec21-f674-4aba-bece-382d2e738d01,unalike.rsvp,available,12.98,16.98,medium,low,7,namecheap,,,12/09/2026 00:26
7a7af5e5-4b48-4564-a9ef-3a99a8567471,teen.rsvp,premium,648.7,648.7,high,low,4,namecheap,,,21/09/2026 19:11
80813d22-2291-4368-b5ce-557ab337a6a3,crayon.rsvp,premium,37.7,37.7,high,low,6,namecheap,,,24/09/2026 19:11
71cafe7a-ecb0-4217-9b6c-c0608044a7fb,anaxagoras.rsvp,available,12.98,16.98,medium,low,10,namecheap,,,19/09/2026 03:36
00c5ca8d-f8d6-4638-806a-8721330df9c6,unframed.rsvp,available,12.98,16.98,medium,low,8,namecheap,,,12/09/2026 10:41
5c155731-8592-4cce-af6a-f19c515bd99d,thanks.rsvp,premium,133.72,133.72,high,low,6,spaceship,,,30/09/2026 13:13
df7f5c02-0fc5-4855-8998-0771edabddba,kidneys.rsvp,available,10.2,10.2,low,low,7,cloudflare,,,29/09/2026 05:38
3babf8c0-8b4b-4927-b73f-3b589113cf25,vigil.rsvp,available,14,,high,low,5,unstoppable,,,02/10/2026 06:38
6c491ae2-2d72-45bf-98f1-8449eec05bff,billion.rsvp,premium,76.7,76.7,high,low,7,namecheap,,,22/09/2026 20:43
301cf064-d1be-485a-81fd-02ba82c37d69,little.rsvp,premium,648.7,648.7,high,low,6,namecheap,,,24/09/2026 17:48
62289ee5-fd78-413a-801f-ddb0ef2f8884,amniota.rsvp,available,12.98,16.98,medium,low,7,namecheap,,,18/09/2026 22:27
795b60db-5560-4406-8985-a74900944e86,atheist.rsvp,available,12.98,16.98,medium,low,7,namecheap,,,22/09/2026 10:58
031dfc93-11a2-49a5-af82-211053010151,pineal.rsvp,available,12.98,16.98,high,medium,6,namecheap,,,08/09/2026 19:44
c18d4e7a-e604-4a0d-8e20-6a78a1e0dd2c,visitor.rsvp,premium,73.75,,high,low,7,name.com,,,30/09/2026 14:31
0dbd3cfd-7f28-4dca-b59f-db2397d9400a,kandy.rsvp,available,10.81,10.81,high,low,5,porkbun,,,02/10/2026 05:33
f8da2086-5b91-44f3-9eec-fa1d148e2455,transpolar.rsvp,available,12.98,16.98,medium,low,10,namecheap,,,11/09/2026 18:57
78dd1197-15d7-41ef-b71a-74445eca1829,marylebone.rsvp,available,14,,medium,low,10,unstoppable,,,30/09/2026 14:03
b2e5487f-51c0-4fcf-9b99-eb06968f9767,middlemost.rsvp,available,12.98,16.98,medium,low,10,namecheap,,,24/08/2026 22:27
b5e55195-02c9-48bd-bef2-422767b80dc4,astarte.rsvp,available,12.98,16.98,medium,low,7,namecheap,,,20/09/2026 14:01
d81a0e94-0a7b-472e-8cce-76699464325f,piquant.rsvp,available,12.98,16.98,high,low,7,namecheap,,,17/08/2026 07:38
6907b301-6535-40d4-9fe3-a664e5dbe1b2,arundel.rsvp,available,12.98,16.98,medium,low,7,namecheap,,,28/09/2026 12:04
3f6eb9b4-d2c6-49ce-b689-5d5c91c26ac4,danvers.rsvp,available,14,,medium,low,7,unstoppable,,,29/09/2026 22:33
d714914e-ee98-45c3-bd79-8f2bc273da4b,attention.rsvp,premium,73.75,,high,low,9,name.com,,,28/09/2026 02:14
5a6960c2-ccea-4c79-a439-a57b72617268,fernando.rsvp,premium,37.7,37.7,high,low,8,namecheap,,,25/09/2026 14:20
12bc58b3-25cf-4693-9170-bb0203149339,spokane.rsvp,premium,,,high,medium,7,,,,01/10/2026 21:45
1ef535f3-4f83-4f21-a510-76b474a188f3,permission.rsvp,premium,37.7,37.7,high,low,10,namecheap,,,25/09/2026 09:53
ef62b545-6c7e-4953-93fc-29d21c526f46,iced.rsvp,premium,37.7,37.7,high,low,4,namecheap,,,29/09/2026 14:21
5c200a7f-16a6-41ae-a4e1-b1a42ef378e2,byzant.rsvp,available,12.98,16.98,medium,low,6,namecheap,,,23/09/2026 12:17
f9a2fa6d-c72b-4b4b-a0cf-f91dbfd5305b,mansion.rsvp,premium,,,high,low,7,,,,28/09/2026 06:20
a5881e36-3ce6-4294-aea4-1c8c254c5a29,trough.rsvp,available,10.55,10.55,high,low,6,spaceship,,,30/09/2026 17:31
646b1848-7ba2-4cb0-8ef2-4a20ef830aa7,sparked.rsvp,available,14,,high,low,7,unstoppable,,,30/09/2026 04:13
ba5eb5f2-d5f6-436c-a46d-c2a880d7712c,abstracted.rsvp,available,12.98,16.98,medium,low,10,namecheap,,,
fa583fd9-3709-4287-82db-23f853154d40,ariocarpus.rsvp,available,12.98,16.98,medium,low,10,namecheap,,,20/09/2026 05:32
2794154e-1025-49e7-bf0b-fa8721439695,obliged.rsvp,available,10.55,10.55,medium,low,7,spaceship,,,28/09/2026 11:17
41212c34-1d28-47bf-80a4-dd519918279f,postcards.rsvp,available,12.98,16.98,medium,low,9,namecheap,,,18/09/2026 23:33
6ddf40ba-4992-4b37-99b5-f15e5f2e435b,mustang.rsvp,available,14,,high,medium,7,unstoppable,,,28/09/2026 19:57
4c9e1b1d-34be-42dc-865c-9dc5a86da8c1,choke.rsvp,available,12.98,16.98,medium,low,5,namecheap,,,24/09/2026 14:43
b9b89a9a-5fb1-4abc-92fc-cfce66d38029,tray.rsvp,premium,37.7,37.7,high,low,4,namecheap,,,02/10/2026 01:23
47a3afd5-2f99-4785-8f9c-691d679a544c,fergusson.rsvp,available,12.98,16.98,medium,low,9,namecheap,,,02/10/2026 02:38
55d987bf-7e0e-472d-9996-466aedf26e65,depictive.rsvp,available,12.98,16.98,medium,low,9,namecheap,,,14/08/2026 00:41
8073fe2c-d9a4-4b6e-896b-f5936c500471,kazan.rsvp,premium,37.7,37.7,high,low,5,namecheap,,,28/09/2026 05:35
503cd88d-6960-47ed-a0fd-0b0c0080110e,chickpeas.rsvp,available,12.98,16.98,medium,low,9,namecheap,,,20/09/2026 11:04
50d9e819-5be5-47d5-84cb-7fed893bb8b3,coast.rsvp,premium,311.25,,high,low,5,name.com,,,29/09/2026 10:10
4a791364-c1e6-4932-b04b-2062a74ddc4d,cummings.rsvp,available,12.98,16.98,medium,low,8,namecheap,,,25/09/2026 04:27
f5703f7b-0fbf-4047-b2a4-f3e69d8ae626,apricot.rsvp,premium,37.7,37.7,high,low,7,namecheap,,,19/09/2026 22:31
72aff0b8-7f2c-46e2-898b-80962876eb01,dour.rsvp,available,12.98,16.98,medium,low,4,namecheap,,,14/08/2026 14:56
d10d4baf-f6bb-4910-8467-3415019c7911,produce.rsvp,premium,61.27,61.27,high,low,7,spaceship,,,29/09/2026 20:43
dc389f28-0a5b-463f-b1ea-8f194d97aef1,speedy.rsvp,premium,76.7,76.7,high,low,6,namecheap,,,09/09/2026 08:40
ccb37f4e-603e-41fd-ac12-dc4a272cb8f8,moire.rsvp,available,12.98,16.98,medium,low,5,namecheap,,,25/08/2026 03:26
98190086-874a-493e-9183-dc3c5da8166b,emanuel.rsvp,available,12.98,16.98,high,low,7,namecheap,,,25/09/2026 14:33
7dc4c8ea-e73f-4fae-8c1c-4190cb006042,tice.rsvp,available,10.2,10.2,medium,low,4,cloudflare,,,02/10/2026 18:37
6ee61349-7508-4f9d-ba57-7c3b2f4b4f64,numinous.rsvp,available,12.98,16.98,medium,low,8,namecheap,,,03/09/2026 23:01
ad3623df-07a2-45a4-bab7-da1b06e04be9,computerized.rsvp,available,10.55,10.55,high,low,12,spaceship,,,02/10/2026 05:39
fff1f8fe-c509-4e38-b7ac-6bc555844193,muhlenberg.rsvp,available,10.55,10.55,medium,low,10,spaceship,,,02/10/2026 01:03
4be5da62-9d0b-45f3-902a-ed6919fa1550,mortar.rsvp,available,14,,high,low,6,unstoppable,,,29/09/2026 07:17
25ffa553-09c3-474e-925d-df880e200943,nationally.rsvp,available,12.98,16.98,medium,low,10,namecheap,,,03/09/2026 13:44
451bf4a6-2fbf-4d93-bd38-33542d9b9a43,individual.rsvp,premium,167.7,167.7,high,low,10,namecheap,,,23/09/2026 13:06
fad89e64-0ba2-40a1-a486-36f2d39ddd04,gross.rsvp,premium,76.7,76.7,high,low,5,namecheap,,,24/09/2026 13:05
fd2d5976-b64d-4ddd-b801-2c3305b33f32,barack.rsvp,available,10.81,10.81,high,low,6,porkbun,,,28/09/2026 07:27
2212a152-495d-4650-b314-b38c322118a9,pyretic.rsvp,available,12.98,16.98,medium,low,7,namecheap,,,09/09/2026 07:03
f70bff7b-68ae-4f6d-b728-059d7fe43c00,prokhorov.rsvp,available,12.98,16.98,high,low,9,namecheap,,,18/09/2026 05:06
c63f2972-fc3c-4686-add3-631d7755df04,liveable.rsvp,available,12.98,16.98,high,low,8,namecheap,,,24/08/2026 07:44
f3ed6b92-8a73-45f8-9c4a-60a3ef9b250c,lineages.rsvp,available,10.55,10.55,low,low,8,spaceship,,,28/09/2026 09:04
b50882af-53fb-4dbe-9b04-406cf70b84be,medicine.rsvp,premium,257.92,257.92,high,low,8,spaceship,,,03/10/2026 03:57
752ca9ac-6197-474c-b237-1d2c8436b335,antlia.rsvp,available,12.98,16.98,medium,low,6,namecheap,,,19/09/2026 15:21
87d3eef2-6a41-49f3-887f-56a1bb927da0,dotcom.rsvp,premium,73.75,73.75,high,low,7,name.com,,,14/08/2026 16:26
af617d12-a2b5-47be-a3a4-9133568f06c3,expeditions.rsvp,available,10.55,10.55,medium,low,11,spaceship,,,01/10/2026 17:33
78e64390-acb1-467b-b75c-9add01b0e611,instinctive.rsvp,available,10.2,10.2,high,low,11,cloudflare,,,03/10/2026 02:56
49470059-ddd8-4acf-af31-bc4d752e19f0,colour.rsvp,premium,323.7,323.7,high,low,6,namecheap,,,23/09/2026 15:08
60cc8ede-af99-4ac3-a886-e2816c1002ae,bayside.rsvp,available,10.2,10.2,high,low,7,cloudflare,,,03/10/2026 03:48
8166ade4-9c1c-4fa0-9a26-b892a47a3a22,missy.rsvp,premium,,,high,low,5,,,,02/10/2026 04:51
318e10ce-8b0e-4215-b138-8b16a454cbd6,isn.rsvp,premium,,,high,low,3,,,,30/09/2026 02:01
a053cdfd-3c7f-4a7a-9181-56dea8997179,btw.rsvp,premium,73.75,,high,low,3,name.com,,,01/10/2026 04:54
55367ec7-5500-4ef5-a31b-e77e04a3f487,faddy.rsvp,available,12.98,16.98,medium,low,5,namecheap,,,17/08/2026 20:35
0aced614-be6e-4a09-90a9-818340745737,nda.rsvp,premium,61.27,61.27,high,low,3,spaceship,,,01/10/2026 23:16
d03db849-49b5-4878-91b7-b1e9c4b0ff0c,nie.rsvp,premium,59.2,,medium,low,3,unstoppable,,,30/09/2026 03:54
ff504a69-a9f2-4949-ae9a-79d18956e3d8,romanic.rsvp,available,12.98,16.98,high,medium,7,namecheap,,,09/09/2026 18:30
b0341870-45f6-41a8-b80a-dc0ebbc8454d,swapo.rsvp,available,10.55,10.55,medium,low,5,spaceship,,,02/10/2026 20:19
98f16c13-8202-47b3-b8bb-1789bcb7f3e4,jamming.rsvp,available,10.55,10.55,high,low,7,spaceship,,,01/10/2026 19:23
905bb15d-1771-4481-8dee-a9e5bdb5007f,ella.rsvp,premium,167.7,167.7,high,low,4,namecheap,,,25/09/2026 21:52
f14b55c0-993d-48e6-8961-74bce35b6a96,friendship.rsvp,premium,64.93,64.93,high,low,10,porkbun,,,29/09/2026 19:59
5d53190d-ef61-4fd7-9057-1bc2afe017df,flannel.rsvp,available,10.55,10.55,high,low,7,spaceship,,,02/10/2026 04:47
79c86f95-e2f8-421f-b8d1-5cbd6e4dd7a0,orient.rsvp,premium,61.27,61.27,high,medium,6,spaceship,,,29/09/2026 12:08
43058bd4-4136-4a05-a853-149ca7892fa1,dilettante.rsvp,available,12.98,16.98,medium,low,10,namecheap,,,14/08/2026 07:38
d928922d-9380-429e-8279-2725b0a9a75d,fervently.rsvp,available,12.98,16.98,medium,low,9,namecheap,,,14/09/2026 18:24
676ec2ba-140d-41f4-9395-59859179c147,reassigned.rsvp,available,14,,medium,low,10,unstoppable,,,30/09/2026 16:25
2344c20a-1193-436d-ab01-a19cb2e744fd,altona.rsvp,available,10.55,10.55,medium,low,6,spaceship,,,03/10/2026 04:24
794ea561-cf70-48ea-9f87-3cc98e112be6,praising.rsvp,available,12.98,16.98,high,low,8,namecheap,,,22/08/2026 20:53
4dcdd6c2-3cb5-42fe-972c-1ee8e4a92bb3,circling.rsvp,available,10.55,10.55,high,low,8,spaceship,,,30/09/2026 07:20
a2fecf7e-7c25-43d5-9922-742b103e8747,centimetre.rsvp,available,12.98,16.98,medium,low,10,namecheap,,,24/09/2026 13:35
2fc89287-93f1-443c-a8e7-6ddf28f9ed96,negatively.rsvp,available,12.98,16.98,medium,low,10,namecheap,,,15/09/2026 16:24
e64ebeb9-1414-4fe5-8966-5608974bab42,exist.rsvp,premium,61.27,61.27,high,low,5,spaceship,,,30/09/2026 19:30
e3ed1ee7-3e04-4420-a08b-8a275b703eed,nugatory.rsvp,available,12.98,16.98,low,low,8,namecheap,,,03/09/2026 22:26
0a417eda-24af-4606-9205-c9cddaea7060,manioc.rsvp,available,12.98,16.98,medium,low,6,namecheap,,,23/09/2026 22:51
fb406a85-e749-4c1f-978b-0ae0a4bdf08f,stacey.rsvp,premium,30.22,30.22,medium,low,6,spaceship,,,28/09/2026 07:44
3de2a6c5-0363-4485-a306-e95894db6480,dsc.rsvp,premium,76.7,76.7,high,low,3,namecheap,,,29/09/2026 21:44
9b049d4e-be5d-414c-a3a9-ea31a1bbba51,parkway.rsvp,premium,29.2,,medium,low,7,unstoppable,,,30/09/2026 10:48
c03cc6d1-b6f4-4830-bb72-6687f889e26e,lowbrow.rsvp,available,12.98,16.98,medium,low,7,namecheap,,,
eaeec21e-e7e7-457b-b89f-d6436cad57aa,grenadines.rsvp,available,10.55,10.55,high,low,10,spaceship,,,02/10/2026 00:31
528aa1c6-31a0-458c-b6fa-80071cb1fc88,welfare.rsvp,premium,73.75,73.75,high,low,7,name.com,,,08/09/2026 03:13
643eedf3-b23a-48c4-b57d-b6a959909398,buoyant.rsvp,available,12.98,16.98,high,low,7,namecheap,,,11/08/2026 10:06
e3fe25c0-e590-48df-91cf-14725217946f,shouter.rsvp,available,12.98,16.98,medium,low,7,namecheap,,,22/09/2026 17:05
0ab953bd-5c5e-474f-a7ec-16ffc252708d,courteous.rsvp,available,12.98,16.98,high,low,9,namecheap,,,24/09/2026 00:40
d5aefa89-857b-4eef-8846-2f946e8c27a4,nevada.rsvp,premium,133.72,133.72,high,low,6,spaceship,,,29/09/2026 01:35
3e3e6823-34f4-4d32-a121-ae73c2d2854c,crumble.rsvp,available,14,,high,low,7,unstoppable,,,01/10/2026 22:10
553faf65-7c44-4869-8d86-5173bbfdfd36,bargaining.rsvp,available,12.98,16.98,high,low,10,namecheap,,,22/09/2026 05:36
85b0bb2f-3ef5-49c8-99eb-d2aa0cbf67f2,biped.rsvp,available,12.98,16.98,high,low,5,namecheap,,,10/08/2026 05:14
22776d29-308e-4813-a279-eb229bc08e55,dorian.rsvp,available,12.98,16.98,high,low,6,namecheap,,,14/08/2026 16:11
80db6988-c501-472d-8b20-daa051b9908d,darlene.rsvp,available,14,,high,low,7,unstoppable,,,30/09/2026 21:02
b4383b3f-20a5-4d4b-a537-560c7917671e,edentulous.rsvp,available,12.98,16.98,medium,low,10,namecheap,,,15/08/2026 08:36
4367d9af-c371-4be3-8045-53058fbd4056,manage.rsvp,premium,516.67,516.67,high,medium,6,spaceship,,,01/10/2026 16:57
089803c2-f6f1-4ae5-8119-88380942bd6c,capitalist.rsvp,available,12.98,16.98,high,low,10,namecheap,,,11/08/2026 17:55
e7c56ca2-4dd4-429f-a3aa-8b8093d1f0ed,pellets.rsvp,available,10.2,10.2,medium,low,7,cloudflare,,,02/10/2026 21:59
57b8c948-f3b0-46b4-b159-452e5ad172da,cooperate.rsvp,available,10.55,10.55,high,low,9,spaceship,,,28/09/2026 17:32
05a6df0e-1647-4f42-a65e-18206fdb3c70,add.rsvp,premium,623.75,,high,low,3,name.com,,,28/09/2026 18:19
9d2ad8f9-2350-49cb-862b-6b92b4139ba1,moody.rsvp,premium,36.25,36.25,high,low,5,name.com,,,20/08/2026 14:59
a7d2c59c-e870-4ad1-93b9-db43cfd6596b,alienate.rsvp,available,12.98,16.98,medium,low,8,namecheap,,,
00d1c0eb-afed-4fc0-ac3a-26dd69670947,contrite.rsvp,available,12.98,16.98,high,low,8,namecheap,,,12/08/2026 23:34
dbb1a96a-871b-41c0-b185-755046eab94f,breckenridge.rsvp,available,10.55,10.55,medium,low,12,spaceship,,,01/10/2026 11:00
9c6adebf-8fc7-415b-a381-711237c2aca3,woodruff.rsvp,available,12.98,16.98,medium,low,8,namecheap,,,20/09/2026 15:04
32118679-21ad-427a-b4c1-227d9e268123,temporary.rsvp,premium,37.7,37.7,high,low,9,namecheap,,,25/09/2026 07:53
d742c3c9-8910-49f5-9bbf-22b9e60ee854,episodic.rsvp,available,12.98,16.98,medium,low,8,namecheap,,,17/08/2026 11:11
3e52a844-e182-43e1-8339-1fd892483cf1,mons.rsvp,available,14,,high,low,4,unstoppable,,,28/09/2026 14:54
ff601d16-e1cd-44e5-af3f-32f131c67660,tell.rsvp,premium,499.2,,high,low,4,unstoppable,,,30/09/2026 06:12
2af1c22c-c8df-43e8-a0c8-ff4f7c6d4a8e,microphone.rsvp,premium,29.2,37.7,high,low,10,unstoppable,,,29/09/2026 08:27
ae72ad7b-f495-4810-a5f5-0eac4f873cb6,gaelic.rsvp,available,12.98,16.98,high,low,6,namecheap,,,11/08/2026 23:40
86c03a4c-4bf1-4411-b089-0e147f1efc54,tires.rsvp,premium,167.7,167.7,medium,low,5,namecheap,,,27/09/2026 10:07
dca30d34-294e-423b-a047-a9f56f06eaa7,jabber.rsvp,available,10.81,10.81,high,low,6,porkbun,,,29/09/2026 20:23
b8259085-388a-46e4-9685-b68d57d424f2,sears.rsvp,available,10.55,10.55,high,low,5,spaceship,,,29/09/2026 04:28
7b8e1da0-f33d-4013-902a-8cc548c275c3,dolan.rsvp,premium,,,high,low,5,,,,28/09/2026 11:39
ef7e831e-2701-4125-8458-6e1ea9375ad7,bellbird.rsvp,available,12.98,16.98,medium,low,8,namecheap,,,23/09/2026 05:55
cbd8969b-6b3e-4e98-b806-fba4d286fb2b,saddle.rsvp,available,14,,high,low,6,unstoppable,,,29/09/2026 02:22
21536c51-8c60-4a8a-bcdc-3c8c50af7657,beano.rsvp,available,12.98,16.98,medium,low,5,namecheap,,,22/09/2026 20:40
36223f47-45e9-47c1-b41e-46060e88d32b,boric.rsvp,available,12.98,16.98,medium,low,5,namecheap,,,10/08/2026 19:48
290148db-12a3-42a7-bee1-ab94d3a84ef7,priestly.rsvp,available,12.98,16.98,medium,low,8,namecheap,,,21/08/2026 08:22
b5eabe05-fa2f-42b9-8fcf-de79ec127879,vanuatu.rsvp,premium,,,high,high,7,,,,29/09/2026 07:44
c83a02ed-f4af-4445-8771-779d9d7999bb,zimbabwean.rsvp,available,12.98,16.98,high,low,10,namecheap,,,13/09/2026 15:19
90f19442-b81c-4c9c-b597-36777dd5e5f5,untreated.rsvp,available,12.98,16.98,medium,low,9,namecheap,,,12/09/2026 21:44
3a64a504-e801-44a2-8137-50a5b4528a50,stew.rsvp,available,12.98,16.98,medium,low,4,namecheap,,,28/09/2026 09:50
9dc55376-942c-4134-9fc7-d6c47ba1083b,expenditure.rsvp,available,10.55,10.55,high,low,11,spaceship,,,02/10/2026 11:07
68b5612c-4cf7-418a-bdb2-218a66033e85,wiley.rsvp,premium,167.7,167.7,high,low,5,namecheap,,,27/09/2026 08:05
daf2271a-3818-4320-98d4-5f068917d540,rutland.rsvp,available,12.98,16.98,medium,low,7,namecheap,,,27/09/2026 05:16
2b8d3328-1174-42f4-9182-91d770ee1c8a,fellowman.rsvp,available,10.2,10.2,medium,low,10,cloudflare,,,02/10/2026 20:59
6ced7728-9e9a-48e5-b097-6342af786942,zhejiang.rsvp,available,10.55,10.55,medium,low,8,spaceship,,,29/09/2026 03:49
6157ab31-f4a6-4740-8684-2324a1441152,motrin.rsvp,available,12.98,16.98,high,medium,6,namecheap,,,17/09/2026 11:16
8688f7e5-38fc-4e0b-bcb0-3cc9174e54c5,calculous.rsvp,available,12.98,16.98,medium,low,9,namecheap,,,11/08/2026 14:05
1a2a6ba0-8699-4e5a-bed1-80ad63c2a2f1,augeas.rsvp,available,12.98,16.98,medium,low,6,namecheap,,,21/09/2026 03:15
aa4250d9-012f-4072-ad97-25ea23d691a0,bravely.rsvp,available,12.98,16.98,high,low,7,namecheap,,,14/09/2026 01:22
799c7e76-5862-46eb-8f62-1e49649cd57e,preaching.rsvp,available,10.2,10.2,high,low,9,cloudflare,,,28/09/2026 15:06
3a4dde34-b6af-4b44-a30d-20e459860710,squid.rsvp,premium,,,high,low,5,,,,29/09/2026 06:11
fdd4d08d-9476-4dbb-b260-b3bd0af19dd4,monk.rsvp,premium,36.25,36.25,high,low,4,name.com,,,25/08/2026 04:11
1d888824-8440-406d-b819-95c21bf5c165,birthplace.rsvp,available,12.98,16.98,high,low,10,namecheap,,,23/09/2026 21:18
0a69d0d3-1afd-4c55-8442-e4d503f76c24,carboxylic.rsvp,available,12.98,16.98,medium,low,10,namecheap,,,11/08/2026 18:46
e031f884-f28f-4699-87d9-857b1ecd95d6,conservatory.rsvp,available,10.2,10.2,high,low,12,cloudflare,,,29/09/2026 03:18
986200e8-6979-40ed-a4b9-b6f875fcd975,esthetical.rsvp,available,12.98,16.98,high,low,10,namecheap,,,21/09/2026 21:22
ad80b8a0-e34e-47b4-b5e3-db8c9b852d4b,popularity.rsvp,available,10.2,10.2,high,low,10,cloudflare,,,28/09/2026 10:44
1a9ad973-d4a9-4fa7-9cc6-063c08201380,amharic.rsvp,available,12.98,16.98,medium,low,7,namecheap,,,
57544ab6-6e82-4596-b655-e0b3299f3ff5,sheared.rsvp,available,12.98,16.98,high,medium,7,namecheap,,,10/09/2026 06:10
93c534be-051d-4b3d-824a-339c8ba5233e,penis.rsvp,premium,133.72,133.72,high,low,5,spaceship,,,30/09/2026 06:36
768b5b2b-9c11-4145-a251-ef91734c9668,dust.rsvp,premium,76.7,76.7,high,low,4,namecheap,,,24/09/2026 21:05
4dcd90dd-2687-438f-ab55-19794f99f106,session.rsvp,premium,167.7,167.7,high,low,7,namecheap,,,28/09/2026 17:16
149a5db3-de89-4530-9ad6-c3f4ccbf65a2,carroll.rsvp,available,14,,high,low,7,unstoppable,,,29/09/2026 18:13
70301dd4-35c9-496a-867a-15a86915fd20,baste.rsvp,available,12.98,16.98,medium,low,5,namecheap,,,22/09/2026 12:43
fe8c0616-812c-430b-bc08-627b217ea4a3,analphabet.rsvp,available,12.98,16.98,medium,low,10,namecheap,,,
2d360d67-f6b6-44af-81ff-2361c9998c52,easing.rsvp,available,10.55,10.55,high,low,6,spaceship,,,02/10/2026 14:56
06688a4a-1fed-42eb-b00b-b6d07c1752e6,malthusian.rsvp,available,12.98,16.98,medium,low,10,namecheap,,,24/08/2026 14:17
794152e7-22d6-4aa1-b52f-cdc08c0945f8,exhausting.rsvp,available,12.98,16.98,medium,low,10,namecheap,,,14/08/2026 18:21
72ef840e-12e2-4542-917d-312329b160dd,deliberately.rsvp,available,10.2,10.2,medium,low,12,cloudflare,,,28/09/2026 11:27
b317216a-5c6e-43ea-99aa-b8dcd72ad9d6,commandant.rsvp,available,10.55,10.55,high,low,10,spaceship,,,01/10/2026 01:32
7ad1bf93-ebe1-4a51-812e-09e63990a76e,correlate.rsvp,available,12.98,16.98,high,low,9,namecheap,,,23/09/2026 23:49
2c8e0157-01aa-4db1-afee-7eaf96f8a4ca,coincidental.rsvp,available,14,,high,low,12,unstoppable,,,03/10/2026 02:57
b467e693-de5e-4f8a-8ab6-90f6ebe16904,tore.rsvp,premium,30.22,30.22,medium,low,4,spaceship,,,30/09/2026 03:02
47b46ec4-a4f2-415a-bfe2-972f2ffd70f2,sedative.rsvp,available,12.98,16.98,high,low,8,namecheap,,,22/09/2026 10:55
5ebf7f55-10cb-472c-9f89-6e73c97e2228,salah.rsvp,available,10.81,10.81,high,low,5,porkbun,,,30/09/2026 18:35
4c232814-2327-4b7d-8227-c74b6ed443b5,organizations.rsvp,available,10.55,10.55,medium,low,13,spaceship,,,02/10/2026 22:10
04aefd17-4c22-4d65-851b-9b080e7c59ca,material.rsvp,premium,257.92,257.92,high,low,8,spaceship,,,30/09/2026 23:30
7b3749b1-a4c1-416d-810e-4ecf120e49e8,deprive.rsvp,available,14,,medium,low,7,unstoppable,,,30/09/2026 18:51
bd023f7b-5e59-4670-9f36-3b3de94ce0ce,ponders.rsvp,available,12.98,16.98,medium,low,7,namecheap,,,18/09/2026 02:06
1b8730c7-3a91-451f-a962-c34ce716b5dc,diminishing.rsvp,available,14,,high,low,11,unstoppable,,,01/10/2026 22:29
25168fb2-133b-464c-bfd3-af462803d89c,obstruct.rsvp,available,10.2,10.2,medium,low,8,cloudflare,,,01/10/2026 01:09
84c85825-6d84-42a0-a456-07063c591efa,guts.rsvp,premium,30.22,30.22,high,low,4,spaceship,,,29/09/2026 21:51
f30c4576-86ea-4d1e-a3e6-b7fb4ad6acaa,impact.rsvp,premium,257.92,257.92,high,high,6,spaceship,,,28/09/2026 19:14
ad54b00e-bccc-4b35-8d14-996ee4ca73e2,mexicano.rsvp,available,10.55,10.55,high,low,8,spaceship,,,02/10/2026 16:06
17333371-3ce8-480e-85fe-833e3ecf1191,kilometers.rsvp,available,10.55,10.55,medium,low,10,spaceship,,,28/09/2026 23:06
3fb2c0f9-32df-4ae1-9a8a-147e14e367be,jia.rsvp,premium,,,high,low,3,,,,29/09/2026 22:43
aafa2043-c0a2-42d9-83a5-07026cbff32b,breaches.rsvp,available,14,,medium,low,8,unstoppable,,,02/10/2026 14:22
7d8c327d-6624-428e-b35c-8f093897e61a,germania.rsvp,available,10.55,10.55,medium,low,8,spaceship,,,29/09/2026 21:50
fcf5b676-4463-497f-b41c-a4a427dd99fe,lunches.rsvp,available,12.98,16.98,medium,low,7,namecheap,,,20/09/2026 07:45
abcdc53d-7934-440e-adfd-18a76fa7ea6b,attitude.rsvp,premium,59.2,,high,low,8,unstoppable,,,28/09/2026 23:06
d0c9f426-26c2-4bd0-9afd-31c1e0dd149d,adventures.rsvp,premium,76.7,76.7,high,low,10,namecheap,,,18/09/2026 17:22
10a74ef4-fbd3-43bd-9e08-e5efaa1b8f8b,thereabout.rsvp,available,12.98,16.98,medium,low,10,namecheap,,,16/09/2026 08:39
ccef85bc-8c79-44ac-bd4d-5c358af7be42,effectual.rsvp,available,12.98,16.98,high,low,9,namecheap,,,15/08/2026 14:20
0a9b5314-f700-478e-99e3-08efb0feb95b,donnelly.rsvp,available,12.98,16.98,medium,low,8,namecheap,,,27/09/2026 20:53
5fd5d771-165e-451b-b6aa-04c38e5daa04,melanesian.rsvp,available,12.98,16.98,medium,low,10,namecheap,,,24/08/2026 19:29
5e046035-01b2-4109-9dc5-004d86aafce0,bursal.rsvp,available,12.98,16.98,medium,low,6,namecheap,,,11/08/2026 11:04
3bb23ee4-c673-4048-bc48-36a074c56b0c,meister.rsvp,premium,29.2,,high,low,7,unstoppable,,,30/09/2026 19:33
8346b02e-c9d0-422e-9f14-43ebc292810e,steal.rsvp,premium,30.22,30.22,medium,low,5,spaceship,,,29/09/2026 05:35
85441cd5-8047-4684-959d-47f09f235ea8,norden.rsvp,available,10.55,10.55,high,low,6,spaceship,,,02/10/2026 07:06
6a9fac01-5317-490e-b7cf-e9e485e76665,everest.rsvp,premium,61.27,61.27,high,low,7,spaceship,,,01/10/2026 01:59
906ecf61-cd63-4119-82e6-1c4c10173a4b,braddock.rsvp,available,14,,medium,low,8,unstoppable,,,29/09/2026 15:49
309f0c12-6f92-45c5-a13b-edee280dcbfb,wbc.rsvp,premium,64.93,64.93,high,low,3,porkbun,,,28/09/2026 14:41
31d24d58-de6b-4094-93ff-7963d76259d6,hydroxy.rsvp,available,12.98,16.98,medium,low,7,namecheap,,,21/08/2026 16:25
c674175a-880e-4fba-bb14-903290f33943,stunt.rsvp,premium,30.22,30.22,high,low,5,spaceship,,,28/09/2026 10:58
8ef5007e-d227-415b-b6c6-d80abbd8c728,stoic.rsvp,available,12.98,16.98,high,low,5,namecheap,,,10/09/2026 20:57
b923df1c-6791-44af-8d29-bf5e553a6389,patter.rsvp,available,12.98,16.98,high,low,6,namecheap,,,15/09/2026 20:21
9665f200-c040-45e0-bb1e-7271d96a8be0,dingdong.rsvp,available,12.98,16.98,high,low,8,namecheap,,,14/09/2026 12:47
465cf776-82dc-435f-a41e-125d3f14a798,tilted.rsvp,available,12.98,16.98,high,low,6,namecheap,,,07/08/2026 13:29
0082cc77-4ddc-447e-a552-88705a5e2054,nico.rsvp,premium,,,high,medium,4,,,,29/09/2026 03:41
88633064-9ed7-4d34-a12b-b78d43bfb5cc,decolour.rsvp,available,12.98,16.98,medium,low,8,namecheap,,,24/09/2026 05:11
f6680942-ae02-4e34-8723-b9418371e257,rambling.rsvp,available,12.98,16.98,high,low,8,namecheap,,,17/08/2026 16:41
d54acd07-3211-4d21-9a89-c2017a53850e,adapters.rsvp,available,10.55,10.55,medium,low,8,spaceship,,,01/10/2026 00:53
d8c39966-5d94-46bd-8cf1-b7470ea39993,connecticut.rsvp,premium,,,high,low,11,,,,28/09/2026 03:48
30407a5f-d3ce-415a-a029-c62aa01c46d3,martyrs.rsvp,available,10.55,10.55,medium,low,7,spaceship,,,30/09/2026 15:31
20c4f5be-f08f-4d56-943c-8b2148d3b260,hewlett.rsvp,available,10.2,10.2,medium,low,7,cloudflare,,,28/09/2026 23:16
4dbf0e6f-5180-4d23-8728-0eec83ffa628,whatsoever.rsvp,available,12.98,16.98,medium,low,10,namecheap,,,22/09/2026 06:59
5778af3b-31a4-43f2-84d1-4468e286f40e,taboo.rsvp,premium,73.75,73.75,high,low,5,name.com,,,18/08/2026 11:03
6446e986-1ab6-43b6-9925-803698414ae3,arability.rsvp,available,12.98,16.98,medium,low,9,namecheap,,,19/09/2026 23:32
110efdbc-6cc3-4e29-9e26-d1054f1d2ab6,gig.rsvp,premium,61.27,61.27,high,low,3,spaceship,,,28/09/2026 05:44
b5c581d1-61b1-49c3-ac0b-3ea54984af1a,bathurst.rsvp,available,12.98,16.98,medium,low,8,namecheap,,,28/09/2026 16:46
43faa8fd-f539-4750-9fc7-c63deb5c1cb3,completions.rsvp,available,12.98,16.98,medium,low,11,namecheap,,,30/09/2026 00:48
1f381814-a216-4c01-aecd-80f886573567,adair.rsvp,available,10.55,10.55,medium,low,5,spaceship,,,28/09/2026 16:27
d98c1af0-b275-4f48-b584-3f3b58243dac,midwestern.rsvp,available,12.98,16.98,high,low,10,namecheap,,,24/08/2026 22:41
e8f02534-bf44-43ef-9e71-a4e38a2fa412,phlegmatic.rsvp,available,12.98,16.98,medium,low,10,namecheap,,,08/09/2026 18:53
6a486c07-23c2-4ea6-8bf8-e70e5478972e,heater.rsvp,premium,76.7,76.7,high,low,6,namecheap,,,29/09/2026 12:14
3f9ff207-3cf7-49e6-b749-f8309d051c69,subhuman.rsvp,available,12.98,16.98,medium,low,8,namecheap,,,10/09/2026 23:56
0308062f-e4be-4dce-84d4-d91add328282,kabul.rsvp,available,10.55,10.55,high,low,5,spaceship,,,27/09/2026 12:08
8ea9d1ee-84de-448f-93e9-0edc5ba81836,acceptably.rsvp,available,12.98,16.98,high,medium,10,namecheap,,,10/09/2026 12:55
2ec183a5-5349-4595-8847-72883eb547e8,notoriety.rsvp,available,10.2,10.2,high,low,9,cloudflare,,,02/10/2026 15:47
31dfe922-7fc1-4473-a8c2-bc48443eb7cc,biltong.rsvp,available,12.98,16.98,medium,low,7,namecheap,,,23/09/2026 16:53
2930f95d-c25b-4689-983d-c35822a53d73,whitney.rsvp,premium,30.22,30.22,medium,low,7,spaceship,,,28/09/2026 13:59
46706235-8300-4906-94ec-3c4b08fcfcff,banat.rsvp,available,14,,medium,low,5,unstoppable,,,03/10/2026 04:00
b95453ea-4036-4a77-af88-0d80c896c9f3,aborted.rsvp,available,10.81,10.81,medium,low,7,porkbun,,,01/10/2026 12:58
f24660c3-9bdb-4cf0-8ac6-225674506bde,lid.rsvp,premium,76.7,76.7,high,low,3,namecheap,,,24/09/2026 13:43
e5e61ca1-df23-4967-bb93-fe2d28869fd2,hobbs.rsvp,available,12.98,16.98,high,low,5,namecheap,,,27/09/2026 04:26
e88dd07a-54e4-4acf-8ba7-0566f1113345,waveforms.rsvp,available,12.98,16.98,medium,low,9,namecheap,,,01/10/2026 00:59
525c5eaa-ce0d-41be-921d-b338e1096a34,vacuous.rsvp,available,12.98,16.98,low,low,7,namecheap,,,07/08/2026 02:52
f7c6cb40-ae0b-448c-b834-66073e5bde4f,laborer.rsvp,available,14,,high,low,7,unstoppable,,,30/09/2026 01:52
62e96505-0e1a-4809-8df3-019e68aaca1e,hick.rsvp,available,12.98,16.98,medium,low,4,namecheap,,,11/08/2026 09:44
adc85da6-50e1-4010-9697-32f4da3be483,jansen.rsvp,premium,37.7,37.7,medium,low,6,namecheap,,,28/09/2026 18:46
b4383981-c733-439b-adc5-d5a023efa117,rid.rsvp,premium,76.7,76.7,high,low,3,namecheap,,,30/09/2026 18:36
c47371a9-36cc-4b57-adf6-c26b5c58b268,soulful.rsvp,available,12.98,16.98,high,low,7,namecheap,,,10/09/2026 14:42
f44ce59f-b46e-4c6f-a74a-349b52e61f6d,gratuity.rsvp,available,14.99,19.99,high,low,8,name.com,,,21/09/2026 15:50
32806378-7b22-4748-b101-29ac8bb43a8a,hurd.rsvp,available,10.55,10.55,medium,low,4,spaceship,,,28/09/2026 22:24
af52f334-95c4-414e-a19d-7691cfc3a541,zipper.rsvp,premium,,,high,low,6,,,,01/10/2026 03:44
b8de55d2-1fe6-40af-9716-5c8b91b8bf62,wrong.rsvp,premium,323.7,323.7,high,low,5,namecheap,,,25/09/2026 07:41
779e0f40-df20-442d-bff0-b0bce4eaa5a8,amused.rsvp,available,12.98,16.98,high,low,6,namecheap,,,
bd886532-fbef-4317-b3bd-846c06bc513b,contemplate.rsvp,available,14,,high,low,11,unstoppable,,,30/09/2026 11:45
f3ca7595-71f4-4c78-a222-8730f8b1a3f1,days.rsvp,premium,257.92,257.92,high,low,4,spaceship,,,29/09/2026 13:20
fa36d7aa-a208-451e-bee3-99602c7178e4,pcs.rsvp,premium,323.7,323.7,high,low,3,namecheap,,,27/09/2026 08:22
65dd910f-0e47-400c-ba50-7594e9dd11e4,breakthrough.rsvp,available,10.81,10.81,high,low,12,porkbun,,,28/09/2026 07:10
ee17ed60-8087-4b8e-8d6f-cbf422bdc19c,roommates.rsvp,available,12.98,16.98,medium,low,9,namecheap,,,21/09/2026 02:59
84858bae-733e-4eb0-b2f4-60c1adf83b88,scrooge.rsvp,available,10.55,10.55,medium,low,7,spaceship,,,30/09/2026 10:35
a80d1076-a1e6-4bf9-9071-812033a06ffd,binnacle.rsvp,available,12.98,16.98,medium,low,8,namecheap,,,23/09/2026 17:36
6790cd94-6d6b-4fa4-8a8b-0e1f8ae1ac07,noetic.rsvp,available,12.98,16.98,high,low,6,namecheap,,,22/08/2026 07:52
a62807c2-e448-4127-b118-19e4638ac2d6,madrid.rsvp,premium,249.2,,high,low,6,unstoppable,,,29/09/2026 06:59
435bc67b-5b70-495f-832f-63103ce8053e,pernicious.rsvp,available,12.98,16.98,medium,low,10,namecheap,,,08/08/2026 12:01
4fb3c38e-2729-4ee2-90a0-e75f75e3e82a,quick.rsvp,premium,648.7,648.7,high,medium,5,namecheap,,,21/09/2026 23:09
f956a05b-09df-4a74-a79d-f64a6fde095e,geographical.rsvp,available,10.55,10.55,high,low,12,spaceship,,,29/09/2026 21:14
e57b25d5-8d86-4def-9a2a-e693b94ef55b,unexplored.rsvp,available,12.98,16.98,medium,low,10,namecheap,,,12/09/2026 09:42
57bc5406-1df7-4bea-9209-5b5ccb2d5eb9,aery.rsvp,available,12.98,16.98,high,low,4,namecheap,,,
65d80b3a-8f29-4aac-8f10-0a0be2ff8b27,stupid.rsvp,premium,61.27,61.27,high,low,6,spaceship,,,28/09/2026 01:43
4729d4ee-c893-4262-83fd-818294d1c850,shorty.rsvp,available,10.55,10.55,high,low,6,spaceship,,,30/09/2026 20:11
9363d592-777a-4fc8-8318-d3344d5b2bd5,unfenced.rsvp,available,12.98,16.98,medium,low,8,namecheap,,,12/09/2026 10:10
76f09d91-2381-4605-b178-f352d272f024,souvenirs.rsvp,premium,30.22,30.22,medium,low,9,spaceship,,,01/10/2026 18:24
6d1cb7c7-bb18-427e-ba1a-45095190e341,keyed.rsvp,available,12.98,16.98,medium,low,5,namecheap,,,22/08/2026 15:42
0590da1e-f75d-45ef-a6b1-3ac6f4202e35,truth.rsvp,premium,29.2,,high,medium,5,unstoppable,,,28/09/2026 17:29
9198cb0c-35fb-4ac3-bf9a-9b8ef859ab48,floodlit.rsvp,available,12.98,16.98,high,low,8,namecheap,,,18/08/2026 08:47
d224e607-fdee-440a-a330-69e2399cb5ce,ascended.rsvp,available,12.98,16.98,medium,low,8,namecheap,,,02/10/2026 12:33
d1bda290-995c-4969-ba9c-d9a182792188,arawn.rsvp,available,12.98,16.98,medium,low,5,namecheap,,,20/09/2026 00:29
8be3432b-47bd-4051-8377-3fe42deee95f,tenderness.rsvp,available,12.98,16.98,high,low,10,namecheap,,,17/09/2026 14:18
b28211e9-0e54-492f-b0bf-e0558164f2e5,lakers.rsvp,available,10.55,10.55,high,medium,6,spaceship,,,02/10/2026 01:56
5d1603b2-6526-4edf-8b50-9968a4e57c29,subsidiary.rsvp,available,10.2,10.2,high,low,10,cloudflare,,,02/10/2026 12:25
314a0cbe-9d8d-447c-a626-97073c2a3361,luxembourg.rsvp,premium,,,high,high,10,,,,29/09/2026 06:44
d904b4fa-0354-4163-a635-550a931597df,alertly.rsvp,available,12.98,16.98,medium,low,7,namecheap,,,13/09/2026 18:40
7ca39d78-20a8-4558-a34d-c2fa25f526e9,southwards.rsvp,available,12.98,16.98,high,medium,10,namecheap,,,10/09/2026 14:52
9b58a42f-8592-4139-bffb-f05cc6adbb31,pride.rsvp,premium,257.92,257.92,high,low,5,spaceship,,,30/09/2026 07:21
36563efb-b45e-40ec-b078-d02af5c8c9e4,scrapped.rsvp,available,14,,low,low,8,unstoppable,,,30/09/2026 23:46
620c8f91-1024-42ac-a0cf-6d0bccd4c442,journal.rsvp,premium,648.7,648.7,high,low,7,namecheap,,,19/09/2026 18:05
a090c461-6c27-453e-a1b0-e02e48662d0f,transformer.rsvp,premium,29.2,,high,low,11,unstoppable,,,01/10/2026 05:03
fff05723-4792-4201-8172-8f8583c59e46,perfumed.rsvp,available,12.98,16.98,high,low,8,namecheap,,,08/09/2026 16:58
aa9870f6-386a-4c2c-ad51-1c6647e1f55f,palm.rsvp,premium,311.25,,high,low,4,name.com,,,30/09/2026 02:14
db6367d0-935c-4884-ad4e-3f2ac22d56df,behring.rsvp,available,12.98,16.98,high,low,7,namecheap,,,23/09/2026 04:03
916664de-a9b2-42e3-b9ec-cf407d765710,elton.rsvp,premium,30.22,30.22,high,low,5,spaceship,,,27/09/2026 19:29
1139b0a2-286a-4811-8610-ec2eb4a6481a,item.rsvp,premium,499.2,,high,low,4,unstoppable,,,28/09/2026 09:23
921a25b4-9669-4f29-b24d-ae76d658a807,childers.rsvp,available,10.2,10.2,medium,low,8,cloudflare,,,30/09/2026 13:42
aeebd7ce-d183-4090-bc74-424eca67c4f7,virtual.rsvp,premium,516.67,516.67,high,medium,7,spaceship,,,01/10/2026 02:51
02aaabcb-b8d4-4229-8044-552c46dc4847,compliant.rsvp,available,12.98,16.98,high,low,9,namecheap,,,23/09/2026 17:44
84a3d8ee-d36c-4ad2-932c-387cdd9085a5,sleepless.rsvp,available,12.98,16.98,medium,low,9,namecheap,,,22/08/2026 07:24
aa41d8cd-6fe3-4cbd-9f6f-9dc9b6ac109d,uplifting.rsvp,available,14,,high,low,9,unstoppable,,,01/10/2026 22:02
e8686a26-b7fc-4867-9c32-a1da90f95dfd,unassigned.rsvp,available,12.98,16.98,medium,low,10,namecheap,,,12/09/2026 01:12
97dc8c6e-98f2-4c13-a962-cf85217805d9,augean.rsvp,available,12.98,16.98,medium,low,6,namecheap,,,07/08/2026 16:54
ef00389a-112b-4efc-9ae6-2b9d11387ae3,backspin.rsvp,available,12.98,16.98,high,low,8,namecheap,,,21/09/2026 16:02
bdb0ec42-367a-44f6-8385-fe942103c4a9,davao.rsvp,available,10.55,10.55,medium,low,5,spaceship,,,30/09/2026 22:13
ba7976d7-2f72-422a-b142-8b08e09f460e,testimonial.rsvp,available,10.55,10.55,high,low,11,spaceship,,,01/10/2026 22:39
1cfb1ae9-6517-4223-8678-d91010006288,perfidy.rsvp,available,12.98,16.98,medium,low,7,namecheap,,,23/09/2026 11:25
61cee3f6-bfcb-43d5-b667-eae8802951f1,awl.rsvp,premium,76.7,76.7,high,low,3,namecheap,,,21/09/2026 10:07
804ae661-b3d9-4799-802d-91cb7ec546ea,edmund.rsvp,available,12.98,16.98,medium,low,6,namecheap,,,25/09/2026 19:09
2bafcbd9-846e-4118-9471-8a04f8ef2142,endogamous.rsvp,available,12.98,16.98,medium,low,10,namecheap,,,17/08/2026 01:10
3d98eeb6-5614-4eb3-a3bf-4013a482a8b9,enteric.rsvp,available,12.98,16.98,medium,low,7,namecheap,,,17/08/2026 09:53
a87a7c0f-30a5-4dfc-95ea-0bc747cc0dd0,arb.rsvp,premium,76.7,76.7,high,low,3,namecheap,,,20/09/2026 00:31
5f9baaf8-6e36-4662-b6f0-b963250180e8,mesmeric.rsvp,available,12.98,16.98,medium,low,8,namecheap,,,24/08/2026 21:13
bfd8d87f-5dda-4be4-9da1-a036329de748,layered.rsvp,available,12.98,16.98,high,low,7,namecheap,,,22/08/2026 21:32
db2a3295-1e0f-45a1-a28d-8a4b4d76147d,pattison.rsvp,available,10.2,10.2,medium,low,8,cloudflare,,,01/10/2026 10:31
7cf28831-2396-4018-897d-234bd1b6c67b,tidily.rsvp,available,14.99,19.99,high,low,6,name.com,,,16/09/2026 09:05
08702efe-f28d-4853-808e-60ace1e79d0e,toughened.rsvp,available,12.98,16.98,medium,low,9,namecheap,,,11/09/2026 10:54
ed52d081-0772-4f30-818b-d618694f24a4,cromer.rsvp,available,10.2,10.2,medium,low,6,cloudflare,,,02/10/2026 20:37
48980dce-b955-40f0-ba68-9fa887c76182,garland.rsvp,premium,61.27,61.27,high,low,7,spaceship,,,30/09/2026 16:42
981a61e8-0ed8-4f12-8539-57b0861b213c,yonder.rsvp,available,12.98,16.98,high,low,6,namecheap,,,13/09/2026 14:45
112b8032-e5c7-43ac-974e-b1dfdbec2fa5,listless.rsvp,available,12.98,16.98,medium,low,8,namecheap,,,14/08/2026 12:00
3aa49d83-01b7-4909-842b-501a682225f1,specified.rsvp,available,12.98,16.98,high,medium,9,namecheap,,,10/09/2026 15:25
97c262a5-66de-4011-ba51-52768fa97c7a,dumb.rsvp,premium,36.25,36.25,high,low,4,name.com,,,14/08/2026 21:03
6c5bb058-b364-4f4f-a883-21e15dd82981,awareness.rsvp,premium,76.7,76.7,high,low,9,namecheap,,,28/09/2026 23:41
a4d722e7-2f4b-492c-b1b5-6fcd2812f44b,refractive.rsvp,available,12.98,16.98,medium,low,10,namecheap,,,13/08/2026 23:32
f7f0a324-d888-4a8f-be19-1965024acb7c,poisson.rsvp,available,10.55,10.55,medium,low,7,spaceship,,,28/09/2026 11:23
64f76862-5e1b-45bb-8bc6-5fd877ebb4d2,molto.rsvp,available,12.98,16.98,medium,low,5,namecheap,,,15/09/2026 15:19
ef04b716-ad90-4831-b27d-f977cc814a51,alexandre.rsvp,premium,30.22,30.22,high,low,9,spaceship,,,27/09/2026 20:05
61795305-9633-46e3-963c-54bd8abb209c,supply.rsvp,premium,257.92,257.92,high,low,6,spaceship,,,28/09/2026 08:29
b380b0a9-1569-4d9e-9912-42eb611456a5,squashed.rsvp,available,12.98,16.98,medium,low,8,namecheap,,,10/09/2026 17:31
7c63cb5d-5593-48d3-824a-248aa8ccb48a,keyser.rsvp,available,10.81,10.81,medium,low,6,porkbun,,,01/10/2026 11:13
aee97963-355d-42ed-96b2-0833ce45e9b3,spookily.rsvp,available,12.98,16.98,medium,low,8,namecheap,,,14/09/2026 15:07
f036a1e7-f0c9-4b16-8fed-e0e0f52b7b06,direct.rsvp,premium,648.7,648.7,high,medium,6,namecheap,,,24/09/2026 10:39
9dfaa3fd-3ed8-4e19-b53b-06c504a2ff88,oars.rsvp,available,12.98,16.98,medium,low,4,namecheap,,,18/09/2026 11:47
7c66ecec-2d00-45eb-b16c-baae778ada9f,trilogy.rsvp,available,10.55,10.55,high,low,7,spaceship,,,30/09/2026 03:04
f2c97353-b375-42e2-a912-f8527034e55c,acervulus.rsvp,available,14.99,19.99,medium,low,9,name.com,,,16/09/2026 23:44
31607f43-c92a-4b00-acee-2a41ffd516c7,relies.rsvp,available,12.98,16.98,medium,low,6,namecheap,,,20/09/2026 06:27
38bf73d4-cea2-498b-aad5-afe296c306f2,demonstrations.rsvp,available,14.99,,medium,low,14,name.com,,,
33186c8a-040f-4e06-b844-4cb9c3894fdd,blooming.rsvp,available,12.98,16.98,high,low,8,namecheap,,,10/08/2026 15:27
0f9f4a51-98f7-4d34-93a3-cbcadb86e25e,goddamned.rsvp,available,12.98,16.98,medium,low,9,namecheap,,,10/08/2026 12:48
a128042e-9cd3-43e1-9295-523728533187,sioux.rsvp,available,12.98,16.98,high,low,5,namecheap,,,10/09/2026 08:46
bad4bf58-8aa6-4d07-b05b-3f9100b02620,amaze.rsvp,premium,36.25,36.25,high,low,5,name.com,,,21/09/2026 17:36
11faee2a-fcdc-4f38-a9bb-30ac431ca030,filth.rsvp,available,10.55,10.55,high,low,5,spaceship,,,29/09/2026 06:40
d94a1e8e-582d-43f6-966f-2186667ae52b,trial.rsvp,premium,311.25,,high,low,5,name.com,,,30/09/2026 13:04
a7c7497b-dbde-4cfe-b68a-cd2e9079853b,vauxhall.rsvp,available,10.2,10.2,high,medium,8,cloudflare,,,30/09/2026 12:10
ea9f8616-ffd4-4972-a370-a7df314000cc,ral.rsvp,premium,,,high,low,3,,,,30/09/2026 20:40
5b663662-d479-4119-bcc4-6cfadb8910e0,paycheck.rsvp,available,14,,high,low,8,unstoppable,,,30/09/2026 10:49
a1143be2-bcd2-4694-bb43-83a92fe4b212,idols.rsvp,available,10.55,10.55,low,low,5,spaceship,,,02/10/2026 13:00
ac804cea-1d14-4de1-b189-05c48a1b0697,souls.rsvp,premium,73.75,,high,low,5,name.com,,,
d2b7f7ea-6367-4be1-8212-1c3961aa055b,shapeless.rsvp,available,12.98,16.98,medium,low,9,namecheap,,,
2e881413-ba30-45df-bf9f-23bfda2c647a,gartner.rsvp,available,10.2,10.2,high,low,7,cloudflare,,,02/10/2026 09:35
3ec30d19-20b8-4f5f-966d-625af1b5e333,area.rsvp,premium,648.7,648.7,high,low,4,namecheap,,,28/09/2026 22:00
9908ba6c-0284-4fa7-9f0d-1bfa8aa99e49,knight.rsvp,premium,311.25,,high,medium,6,name.com,,,30/09/2026 01:42
b2ae13c9-e138-4e21-847c-7447a4f88c83,victory.rsvp,premium,167.7,167.7,high,low,7,namecheap,,,25/09/2026 10:56
9ee7f6b9-b77f-44c1-b39f-483bd99f3a86,chiliad.rsvp,available,,,high,low,7,,,,
c6b925d1-44a5-4782-b1e3-5b1052fbb85f,alicia.rsvp,premium,76.7,76.7,high,low,6,namecheap,,,27/09/2026 07:22
e008f9e9-32dd-44fc-aec6-1063bbd4dae2,awn.rsvp,premium,76.7,76.7,high,low,3,namecheap,,,21/09/2026 10:11
80980c2a-db85-445e-bce0-82c0f0b78292,raion.rsvp,available,10.55,10.55,high,low,5,spaceship,,,30/09/2026 20:23
a02a9689-9884-430c-b4fe-0f4e41573f0b,syndrome.rsvp,available,10.55,10.55,medium,low,8,spaceship,,,30/09/2026 12:45
881029e2-e28c-47e8-b4fc-768f00d36c80,rasping.rsvp,available,12.98,16.98,medium,low,7,namecheap,,,20/08/2026 18:29
7fc99a37-74ad-453f-aba4-d0a723c50916,utmost.rsvp,available,12.98,16.98,high,low,6,namecheap,,,24/09/2026 17:09
52699b29-1291-4b17-82ef-6aa01452a0ef,greens.rsvp,premium,61.27,61.27,high,low,6,spaceship,,,29/09/2026 21:34
68faf929-a73f-4617-a524-b6217b6fcd63,gamblers.rsvp,available,10.2,10.2,medium,low,8,cloudflare,,,02/10/2026 23:21
e48d4b0a-ad20-418b-b9e4-3f28c534ef20,cleansing.rsvp,available,12.98,16.98,high,low,9,namecheap,,,
5e84b7b2-9e38-4663-84bd-5d02e0ec3b1f,fremont.rsvp,premium,37.7,37.7,medium,low,7,namecheap,,,27/09/2026 04:04
179eaf5b-7169-417a-8a32-a05f73ac6eb8,reacts.rsvp,available,14,,medium,low,6,unstoppable,,,01/10/2026 18:32
59cf6ba6-898a-4be8-bfcb-57882ee8aa0b,bitis.rsvp,available,12.98,16.98,medium,low,5,namecheap,,,23/09/2026 22:37
62df31ca-3ee9-481c-b6c6-666e720f32dc,lockdown.rsvp,available,10.55,10.55,high,low,8,spaceship,,,30/09/2026 02:10
5cdd1d97-48d1-4ec0-8eb7-330073777d06,develops.rsvp,available,10.55,10.55,medium,low,8,spaceship,,,30/09/2026 00:25
3c2a125b-739a-44a5-b121-d471dfdfb5f2,licit.rsvp,available,12.98,16.98,medium,low,5,namecheap,,,23/08/2026 00:58
469d93cf-f1d4-4111-8465-b7f304773fad,ozone.rsvp,premium,61.27,61.27,high,low,5,spaceship,,,29/09/2026 07:48
2968ab39-2e4f-4919-ac52-51d6b1a5ea10,hadean.rsvp,available,12.98,16.98,medium,low,6,namecheap,,,20/08/2026 21:32
948a2b82-6ec9-498a-ad8a-b6970c5371ed,dolores.rsvp,premium,,,medium,low,7,,,,28/09/2026 21:59
653ea163-4603-475f-a1f2-e61f1d3fe473,flashing.rsvp,available,10.55,10.55,medium,low,8,spaceship,,,28/09/2026 19:14
c603072a-8fb3-42a5-95ee-1b52b8017bd8,outdoors.rsvp,premium,76.7,76.7,high,low,8,namecheap,,,21/09/2026 23:54
1f1ca44b-233c-4d35-b368-14ae06c8e861,assembler.rsvp,available,12.98,16.98,high,low,9,namecheap,,,20/09/2026 16:01
f773410d-14b1-4245-8cac-a3b4e3c8df1a,icon.rsvp,premium,499.2,,high,medium,4,unstoppable,,,29/09/2026 23:28
7b64ef60-6808-4bd5-9914-07e94b523221,were.rsvp,premium,133.72,133.72,high,low,4,spaceship,,,30/09/2026 22:32
f10df7e0-9c5d-44e9-b692-2de7cdd86c0d,ellington.rsvp,available,10.55,10.55,medium,low,9,spaceship,,,28/09/2026 09:32
2374bd07-5eb4-403f-ae92-d36c8df1c525,locust.rsvp,available,14,,medium,low,6,unstoppable,,,30/09/2026 17:55
19687711-9af0-4ab3-b689-b1eab2806b6a,wickedly.rsvp,available,12.98,16.98,medium,low,8,namecheap,,,14/09/2026 16:40
6c6288cb-9f32-4c9e-b03d-999fca6530f5,vaned.rsvp,available,12.98,16.98,medium,low,5,namecheap,,,13/09/2026 01:06
390bb2ce-d12b-47cc-a211-25983627b839,inhuman.rsvp,available,12.98,16.98,medium,low,7,namecheap,,,12/08/2026 16:25
a0b37bc6-f9aa-45d9-88cb-1bf1112e0ce7,astana.rsvp,available,12.98,16.98,medium,low,6,namecheap,,,18/09/2026 00:11
46a7e312-f560-406a-8256-26c3ce869938,flexile.rsvp,available,12.98,16.98,medium,low,7,namecheap,,,18/08/2026 08:06
d370fd4e-80a0-412a-af79-3bf8b44e36d8,shield.rsvp,premium,257.92,257.92,high,low,6,spaceship,,,27/09/2026 12:05
898efd8b-850e-46c6-a8cf-2f0f463ed7b0,blogger.rsvp,premium,,,high,high,7,,,,29/09/2026 17:59
e8377667-282e-477d-87ae-bdf6461754ac,wagon.rsvp,premium,73.75,,medium,low,5,name.com,,,29/09/2026 01:37
3df342cc-45a1-4c1f-914e-ab8e80e3a936,pigeons.rsvp,available,12.98,16.98,medium,low,7,namecheap,,,20/09/2026 07:08
0953b4fd-d584-446c-be3c-2ff99acee2f7,foreigner.rsvp,available,12.98,16.98,high,low,9,namecheap,,,
4e624531-1fe5-49dd-8e3b-9c2d581a50d0,slovenly.rsvp,available,12.98,16.98,medium,low,8,namecheap,,,18/08/2026 16:55
bc995c6d-2e1e-4d46-a197-7b37c27a86bf,benthos.rsvp,available,12.98,16.98,medium,low,7,namecheap,,,23/09/2026 08:45
637e829a-2ca6-4b5e-a26a-31721ba1b5c3,cwa.rsvp,premium,76.7,76.7,medium,low,3,namecheap,,,29/09/2026 22:10
06ed39f2-7337-45ca-8fae-163e35449151,terrorism.rsvp,available,12.98,16.98,medium,low,9,namecheap,,,17/09/2026 04:10
a323c6de-6401-436d-bd50-558f816c25f4,effortful.rsvp,available,12.98,16.98,medium,low,9,namecheap,,,15/08/2026 16:20
e73939f4-14c2-4494-b369-40d62e5f3e9c,rallied.rsvp,available,10.55,10.55,medium,low,7,spaceship,,,02/10/2026 23:05
dbc66bad-c072-46b7-ab03-cff8a1b3fd85,bony.rsvp,available,12.98,16.98,medium,low,4,namecheap,,,10/08/2026 18:42
01130b47-400b-4499-95ec-5310defb0381,objections.rsvp,available,10.2,10.2,medium,low,10,cloudflare,,,28/09/2026 13:15
c8939bce-e009-420c-b516-e9a2595bc656,vex.rsvp,premium,73.75,73.75,high,low,3,name.com,,,21/09/2026 17:27
95c5d3f1-7cbf-4673-809b-58ebd63cc774,clovis.rsvp,available,10.55,10.55,medium,low,6,spaceship,,,29/09/2026 00:26
a87d8052-45f0-4940-a92e-d6b15f72ec61,prudently.rsvp,available,12.98,16.98,medium,low,9,namecheap,,,15/09/2026 21:50
5f720e94-bc53-4279-9116-e54b6b2dc6d9,papaw.rsvp,available,12.98,16.98,medium,low,5,namecheap,,,20/09/2026 14:12
87bd14eb-8552-404b-ba6a-e68395ee2d83,aback.rsvp,available,12.98,16.98,high,low,5,namecheap,,,13/09/2026 16:07
a39ddd1a-8e3d-4304-8e44-1b1772c189a1,skull.rsvp,premium,167.7,167.7,high,low,5,namecheap,,,26/09/2026 00:19
885474d5-8219-467d-ba40-7bcda782a12c,speakable.rsvp,available,12.98,16.98,high,medium,9,namecheap,,,10/09/2026 15:22
833e7b17-4aa8-4e77-a990-b40ae27a5451,intercept.rsvp,available,10.2,10.2,high,low,9,cloudflare,,,28/09/2026 06:03
33f978a6-29c7-4f65-83ae-e26c3eb08950,fawning.rsvp,available,12.98,16.98,medium,low,7,namecheap,,,10/08/2026 19:43
60fad515-8839-47c5-b51e-dd1cc75d582f,nag.rsvp,premium,76.7,76.7,high,low,3,namecheap,,,24/09/2026 16:35
b82746e5-dc16-4427-8c8a-e8d1c9e257ac,colors.rsvp,premium,257.92,257.92,high,low,6,spaceship,,,29/09/2026 10:19
fed14063-ddbb-4db8-b44f-29e972f5b42a,madame.rsvp,premium,59.2,,high,low,6,unstoppable,,,28/09/2026 06:18
223ddafd-ab78-4422-8729-f49c80797c0b,hastily.rsvp,available,12.98,16.98,medium,low,7,namecheap,,,14/09/2026 23:06
6894766d-fbd1-45ae-a857-c47064ac938f,watch.rsvp,premium,516.67,516.67,high,medium,5,spaceship,,,30/09/2026 03:19
1408d0b4-bb62-4d7e-a185-8b20e836dc01,indira.rsvp,available,14,,medium,low,6,unstoppable,,,29/09/2026 22:36
ccf15476-28fa-4018-aa36-38fd1ff08b2f,upwardly.rsvp,available,12.98,16.98,medium,low,8,namecheap,,,12/09/2026 22:57
6d18c9a2-7aff-4d5a-989b-ed9ee024c9d3,rhenium.rsvp,available,12.98,16.98,medium,low,7,namecheap,,,20/09/2026 23:48
699d5ef0-d1a2-4510-9926-6eafd70d9335,likely.rsvp,premium,37.7,37.7,high,low,6,namecheap,,,25/09/2026 13:46
6edce91e-3050-4aca-82ab-dd204e0e0ff6,terry.rsvp,premium,76.7,76.7,high,low,5,namecheap,,,29/09/2026 18:32
b090056e-40c9-4572-bd2b-c2175d0ded9a,mercator.rsvp,available,10.2,10.2,high,low,8,cloudflare,,,02/10/2026 15:30
e7cf4aa5-fe69-4df6-bf8f-65a0b6e61f43,bigarade.rsvp,available,12.98,16.98,medium,low,8,namecheap,,,23/09/2026 15:03
529999e4-dde2-4fcf-9cd8-5f5ccf89e3a7,yao.rsvp,premium,64.93,64.93,medium,low,3,porkbun,,,28/09/2026 07:58
f95a6d20-6590-48cc-87f9-e6a6b88acd63,harassing.rsvp,available,10.55,10.55,medium,low,9,spaceship,,,30/09/2026 12:18
3dada270-c095-44ad-bfa2-9d0f432b37e2,onslaught.rsvp,available,12.98,16.98,medium,low,9,namecheap,,,21/09/2026 01:06
e15d71d6-4500-428e-95e0-3e45270b69c3,albula.rsvp,available,12.98,16.98,medium,low,6,namecheap,,,18/09/2026 03:24
28b9497b-f87f-41f5-8b57-a1bdff492d25,photic.rsvp,available,12.98,16.98,high,low,6,namecheap,,,08/09/2026 19:17
5124378a-9b4b-4b74-a204-b1f455164d48,quill.rsvp,available,10.81,10.81,high,low,5,porkbun,,,29/09/2026 18:54
3ad47739-7597-4b0e-aee7-0ee3a6feeaf4,vitrified.rsvp,available,12.98,16.98,medium,low,9,namecheap,,,13/09/2026 06:20
a27ccab7-2d9e-462f-8db1-5b58653dac5d,scratchy.rsvp,available,12.98,16.98,medium,low,8,namecheap,,,
f528faf7-d67a-45c1-bc28-35a6ab9f555f,hodgkin.rsvp,available,12.98,16.98,medium,low,7,namecheap,,,18/09/2026 01:43
bb3a258a-7942-47cb-97aa-f59ef27dbe69,feisty.rsvp,available,12.98,16.98,high,low,6,namecheap,,,18/08/2026 00:45
bfb39188-5cb5-4975-85f9-a7b1b67df900,keyboard.rsvp,premium,133.72,133.72,high,low,8,spaceship,,,28/09/2026 19:38
8262591e-63b8-4a17-93ca-96f7b7ded093,catchy.rsvp,available,12.98,16.98,high,low,6,namecheap,,,11/08/2026 21:20
44010293-453a-48c6-8323-a962254fbe0d,hbo.rsvp,premium,61.27,61.27,high,medium,3,spaceship,,,02/10/2026 08:34
41260a67-92bb-45c8-ad72-b43057e53944,himself.rsvp,available,10.81,10.81,medium,low,7,porkbun,,,01/10/2026 11:26
da680a65-a21e-464a-8f2c-3df8fdea8b5c,jackfruit.rsvp,available,14.99,19.99,high,low,9,name.com,,,20/09/2026 11:58
afbeb633-a3ed-4234-b4bb-25ccc5b377c1,visionary.rsvp,available,12.98,16.98,high,low,9,namecheap,,,13/09/2026 06:13
3e94eab3-0002-4a11-bcc9-116362fa3981,reviewing.rsvp,available,10.55,10.55,high,low,9,spaceship,,,29/09/2026 08:58
ba07e364-76e8-48d8-b22f-2c3f5d416a09,joined.rsvp,available,12.98,16.98,high,low,6,namecheap,,,25/09/2026 11:54
09d2e427-c665-4e7d-ac1c-63b29ce57317,snuff.rsvp,available,12.98,16.98,high,low,5,namecheap,,,12/08/2026 07:39
62241554-ebf0-4541-a9c7-a322192c5b44,females.rsvp,premium,37.7,37.7,medium,low,7,namecheap,,,18/09/2026 19:27
f205ccae-3295-45d3-acd1-6f872f6955be,drugged.rsvp,available,12.98,16.98,medium,low,7,namecheap,,,14/08/2026 20:06
ea8620e2-d6ab-44bc-a897-fe79c7e16684,prom.rsvp,premium,257.92,257.92,high,low,4,spaceship,,,28/09/2026 02:58
3465d907-700f-4df6-925b-4413dcab5db4,orbital.rsvp,premium,37.7,37.7,high,low,7,namecheap,,,04/09/2026 17:35
739bfbb3-ae87-41ca-9680-7a0646d7dc52,lesley.rsvp,available,14,,medium,low,6,unstoppable,,,28/09/2026 21:55
54c64b11-d266-40f0-baa7-b9ede2b56ea7,stuffer.rsvp,available,12.98,16.98,medium,low,7,namecheap,,,19/09/2026 08:48
82f48783-10a6-4d7f-9943-154a9ac03f8d,comedy.rsvp,premium,323.7,323.7,high,low,6,namecheap,,,24/09/2026 16:25
b412e531-1c0b-4ead-9cc7-de6ab6761581,grudging.rsvp,available,12.98,16.98,medium,low,8,namecheap,,,20/08/2026 20:31
c08cdd24-bff6-4c49-9f98-42682540e803,carpets.rsvp,premium,,,medium,low,7,,,,01/10/2026 00:43
469997b5-e7f9-434b-b1e5-95945cb1e59c,marrow.rsvp,available,12.98,16.98,high,low,6,namecheap,,,14/09/2026 23:46
80c60c7b-c202-4d9f-9306-0c0ff8b129ef,remington.rsvp,available,10.55,10.55,high,low,9,spaceship,,,02/10/2026 03:00
4fa6f814-7741-4a92-bb75-3e52fdec2fc1,arno.rsvp,premium,36.25,36.25,high,low,4,name.com,,,20/09/2026 08:12
85d8eff4-49d4-499f-b7b4-f86a2279a587,preferably.rsvp,available,12.98,16.98,medium,low,10,namecheap,,,15/09/2026 21:14
7a0c05c4-d2d8-4551-8725-eb337058e8dc,clasp.rsvp,available,10.55,10.55,high,low,5,spaceship,,,30/09/2026 08:50
aa007a1f-7b4a-4765-998a-06b6de11d149,rucksack.rsvp,available,14.99,19.99,high,low,8,name.com,,,21/09/2026 14:41
2126a9f1-1bde-4087-b985-44c83b7c00d5,eos.rsvp,premium,516.67,516.67,high,low,3,spaceship,,,29/09/2026 06:47
4f36c015-b60d-40ef-978f-24d8d6ede5b2,worthful.rsvp,available,12.98,16.98,medium,low,8,namecheap,,,13/09/2026 13:26
c5fba751-27e2-4da8-9a7a-50b02edde5bb,eda.rsvp,premium,133.72,133.72,high,low,3,spaceship,,,30/09/2026 05:14
13b6add7-7ace-4444-9158-7105ed8ca243,snack.rsvp,premium,61.27,61.27,high,low,5,spaceship,,,01/10/2026 16:27
035035ff-f467-4f90-92be-739c06ffcb49,milano.rsvp,premium,,,high,low,6,,,,28/09/2026 14:52
e1454183-5d9e-40f7-b39b-ff8e1129e920,manner.rsvp,premium,61.27,61.27,high,low,6,spaceship,,,28/09/2026 16:42
cf1ab565-4271-4841-bfe2-6134e975e949,persistence.rsvp,available,14.99,,high,low,11,name.com,,,
a060a16b-6423-4a72-a84f-282925636e21,defends.rsvp,available,10.55,10.55,low,low,7,spaceship,,,02/10/2026 02:36
2a98f3bd-5740-4bbe-b532-be4abaf1f80c,tub.rsvp,premium,76.7,76.7,high,low,3,namecheap,,,29/09/2026 01:33
a33577ff-7952-4de4-a855-4361f3cc0b2a,carpentry.rsvp,available,10.2,10.2,high,low,9,cloudflare,,,02/10/2026 14:35
1df3fb1d-2248-44fc-a06d-e3481f5aaf5a,shulman.rsvp,available,10.55,10.55,medium,low,7,spaceship,,,01/10/2026 11:19
a1e88fa8-9206-42d7-8673-4e8a4d8edd3a,mounts.rsvp,available,10.55,10.55,medium,low,6,spaceship,,,01/10/2026 00:51
39580cc4-b7dc-4faf-b12a-c2ed068c1bc5,chartreuse.rsvp,available,12.98,16.98,medium,low,10,namecheap,,,12/08/2026 02:57
b88c5c6e-9d30-47a4-9e8c-d9431d0e59bb,marching.rsvp,available,10.55,10.55,high,low,8,spaceship,,,28/09/2026 02:19
d6192639-0d3a-4ae9-921c-e36e2084c649,abeyance.rsvp,available,12.98,16.98,medium,low,8,namecheap,,,16/09/2026 15:20
f9a935b4-7ae6-409b-9c31-9d55eb9128dc,fitted.rsvp,available,12.98,16.98,high,low,6,namecheap,,,18/08/2026 05:47
7e49b4bc-fa57-46af-8aa2-5083c25012ee,chum.rsvp,available,14,,high,low,4,unstoppable,,,01/10/2026 01:13
8e62d404-0922-47af-a98d-273c51f6fc72,sown.rsvp,available,12.98,16.98,high,medium,4,namecheap,,,10/09/2026 15:01
281deec4-5910-489a-8735-1850c7cf3f37,macro.rsvp,premium,323.7,323.7,high,low,5,namecheap,,,25/09/2026 15:59
b0a122b2-4af6-4488-8fd6-f248013a6042,whammy.rsvp,available,12.98,16.98,medium,low,6,namecheap,,,21/08/2026 07:39
a5cc62cf-40bc-40a2-bcd4-bfe6cacac615,sarcastic.rsvp,available,12.98,16.98,high,medium,9,namecheap,,,09/09/2026 21:27
cffb2afe-282c-4409-8dfe-40a535d3929a,lester.rsvp,available,10.55,10.55,high,low,6,spaceship,,,28/09/2026 05:11
162dc58e-420c-4a4f-96d0-33c5efe11e59,stoical.rsvp,available,12.98,16.98,medium,low,7,namecheap,,,10/09/2026 20:59
71f7e33e-eb8a-45a6-b504-124dce4615c5,assayer.rsvp,available,12.98,16.98,medium,low,7,namecheap,,,20/09/2026 15:59
7083b7c4-9e98-4240-85ce-72ec37f2068a,yokohama.rsvp,available,14,,medium,low,8,unstoppable,,,02/10/2026 06:41
2124e6fb-83cf-44cb-bdf2-ee4bab98d730,dalliance.rsvp,available,12.98,16.98,medium,low,9,namecheap,,,11/09/2026 19:38
b93212cd-abc9-4663-89a7-60b1010cbcdf,radios.rsvp,premium,76.7,76.7,medium,low,6,namecheap,,,18/09/2026 23:09
23409897-4996-4f2d-9c8b-d37ccc5a3f46,classics.rsvp,premium,30.22,30.22,high,low,8,spaceship,,,28/09/2026 13:44
bd3dce3f-6581-4307-a6ea-74a759789767,waylay.rsvp,available,12.98,16.98,medium,low,6,namecheap,,,18/09/2026 17:32
17390967-8217-4d48-acb7-a0abc9d8644b,soapy.rsvp,available,12.98,16.98,medium,low,5,namecheap,,,11/08/2026 11:48
f5f0a4ee-c940-4024-8106-50e16846e414,mcs.rsvp,premium,61.27,61.27,high,low,3,spaceship,,,30/09/2026 21:04
423ba098-c0cb-4b75-a614-fe0552af31ad,oem.rsvp,premium,76.7,76.7,high,low,3,namecheap,,,30/09/2026 11:44
a7467b7b-9e26-47d3-9e58-8725019b08da,vermin.rsvp,available,10.55,10.55,medium,low,6,spaceship,,,02/10/2026 17:04
5285ee93-6f26-4f98-bfbf-35be8ba2a983,sly.rsvp,premium,76.7,76.7,high,low,3,namecheap,,,24/09/2026 01:29
1877aebc-13e8-4285-b881-60315d1437e7,hutch.rsvp,premium,29.2,,high,low,5,unstoppable,,,03/10/2026 01:14
a9989a51-0314-4a26-bcb3-b635a96e8e13,fought.rsvp,available,14.99,,medium,low,6,name.com,,,
02e8ddfb-19c4-49f3-8411-6fccd9bdf90e,inboard.rsvp,available,12.98,16.98,medium,low,7,namecheap,,,22/08/2026 00:39
efd368ac-2828-4b67-8dde-fbae635a0d7f,ideational.rsvp,available,12.98,16.98,medium,low,10,namecheap,,,12/08/2026 19:59
d3606f1b-f1b0-4398-a888-de0dc459218e,cdna.rsvp,available,10.55,10.55,medium,low,4,spaceship,,,30/09/2026 09:00
7a110ecf-5b0a-401c-bb07-750a2bfd155c,porkfish.rsvp,available,12.98,16.98,medium,low,8,namecheap,,,19/09/2026 09:38
cc84f850-70f3-4f0d-9f77-096fa7c2bbd9,argali.rsvp,available,12.98,16.98,medium,low,6,namecheap,,,20/09/2026 04:09
cf217f7f-3d75-48e5-85f9-b2b6723d404b,mcintosh.rsvp,available,12.98,16.98,high,low,8,namecheap,,,27/09/2026 04:44
30ae7fc6-9eab-4ff4-a500-b195f6b20745,noncommercial.rsvp,available,10.55,10.55,medium,low,13,spaceship,,,02/10/2026 07:38
1500b2e3-5784-4355-9118-d1304f496041,jowly.rsvp,available,12.98,16.98,medium,low,5,namecheap,,,14/08/2026 16:48
a2f8b331-5338-4f78-931e-c62da61d1b25,cultivars.rsvp,available,10.55,10.55,low,low,9,spaceship,,,28/09/2026 00:23
ea167bba-0991-4915-b881-6440eeaeeab5,sharp.rsvp,premium,167.7,167.7,high,low,5,namecheap,,,21/09/2026 16:42
fc4e98a7-9054-470d-8299-379e2cc20bb1,csx.rsvp,premium,,,high,low,3,,,,30/09/2026 05:44
17a7a0b0-e6bc-4ae9-9946-949a14cfed7c,jolly.rsvp,premium,76.7,76.7,high,low,5,namecheap,,,25/09/2026 11:52
c86f3737-6100-4de9-9b3f-be598b6792f9,players.rsvp,premium,311.25,,high,low,7,name.com,,,
337ead83-824b-4811-94d1-d5d7d8b4d521,amonra.rsvp,available,12.98,16.98,medium,low,7,namecheap,,,18/09/2026 18:34
bd02658c-1620-4153-86a5-a5c1e63c0990,football.rsvp,premium,516.67,516.67,high,medium,8,spaceship,,,29/09/2026 19:44
29bd5bc9-2cde-45e6-9268-cecf3f982c07,rockefeller.rsvp,available,12.98,16.98,high,low,11,namecheap,,,25/09/2026 12:15
98da9cde-f526-4bcd-afeb-f1af07581067,coached.rsvp,available,10.55,10.55,medium,low,7,spaceship,,,02/10/2026 03:59
aa0ce716-4597-4256-963c-599ea5c1181e,solubility.rsvp,available,10.55,10.55,medium,low,10,spaceship,,,30/09/2026 11:04
6fb0ade0-c186-440a-8757-23dc4eeac51f,lng.rsvp,premium,61.27,61.27,high,low,3,spaceship,,,28/09/2026 13:00
e245a1f0-8c9b-40b1-978b-1b4e760bd063,ishmael.rsvp,available,12.98,16.98,high,low,7,namecheap,,,04/09/2026 19:10
de00f6a5-5baa-4d95-be61-4530b4513868,experiencing.rsvp,available,10.2,10.2,high,low,12,cloudflare,,,28/09/2026 13:20
5d478de3-0022-4a98-9421-941ab63692ea,chopin.rsvp,available,14,,high,low,6,unstoppable,,,02/10/2026 04:21
872b7430-ca75-495f-9015-4761f0d31d7f,martyr.rsvp,available,10.55,10.55,high,low,6,spaceship,,,29/09/2026 13:23
a130743b-172f-4c0d-b564-bf564fc32b12,lasts.rsvp,available,10.55,10.55,low,low,5,spaceship,,,28/09/2026 09:03
645bd626-f5b6-4ddd-b520-65b753081f7e,inventing.rsvp,available,14,,medium,low,9,unstoppable,,,02/10/2026 02:11
aa3e221f-fc0a-48c8-849e-8d92cfc623fd,rudiment.rsvp,available,12.98,16.98,medium,low,8,namecheap,,,16/09/2026 14:36
7416ddc4-0848-4fca-b957-1a47c3c43d78,dumps.rsvp,available,10.55,10.55,high,low,5,spaceship,,,30/09/2026 09:26